id,serial,exam_type,exam_session,subject,subtopic,stem,case_text,choices_json,answer_text,explanation,explanation_version
78,A01-078,"あん摩マッサージ指圧師",1,"臨床医学各論","運動器疾患","トレンデレンブルグ歩行はどの筋麻痺で起こるか。",,"[""脊柱起立筋"", ""大殿筋"", ""中・小殿筋"", ""大腿四頭筋""]","解答　３．","トレンデレンブルグ歩行は、股関節の外転筋である中殿筋・小殿筋の麻痺や機能不全により、立脚相で骨盤が健側に沈み込む異常歩行である。上殿神経の麻痺などで生じる。",1
83,A01-083,"あん摩マッサージ指圧師",1,"臨床医学各論","運動器疾患","腰椎椎間板ヘルニアで誤っているのはどれか。",,"[""坐骨神経痛を伴うことが多い。"", ""ギックリ腰ではじまることが多い。"", ""椎間孔が拡大する。"", ""後側方に脱出することが多い。""]","解答　３．","腰椎椎間板ヘルニアでは、髄核が後側方に脱出して神経根を圧迫するため、坐骨神経痛を生じる。椎間板の変性や突出により、むしろ椎間孔は狭窄する傾向にある。",1
85,A01-085,"あん摩マッサージ指圧師",1,"臨床医学各論","運動器疾患","スポーツ外傷に多い組合せで誤っているのはどれか。",,"[""肩関節脱臼 … ラグビー"", ""脛骨骨折 … スキー"", ""アキレス腱断裂 … ジャンプ"", ""脊椎分離症 … 卓球""]","解答　４．","脊椎分離症は、腰椎の過伸展や回旋を繰り返すスポーツ（野球、バレーボール、体操など）で多く発生する。卓球は比較的リスクが低く、不適切である。他の選択肢は各競技で典型的な外傷である。",1
86,A01-086,"あん摩マッサージ指圧師",1,"臨床医学各論","運動器疾患","ラセーグ試験が陽性になる疾患はどれか。",,"[""胸椎後靱帯骨化症"", ""胸椎黄靱帯骨化症"", ""第５－６頚椎間椎間板ヘルニア"", ""第４－５腰椎間椎間板ヘルニア""]","解答　４．","ラセーグ試験（下肢伸展挙上試験：SLR）は、坐骨神経の牽引により腰仙部神経根の圧迫を調べる検査である。第4-5腰椎間などの下部腰椎椎間板ヘルニアで陽性となる。頚椎や胸椎の疾患では陽性にならない。",1
87,A01-087,"あん摩マッサージ指圧師",1,"臨床医学各論","運動器疾患","いわゆる五十肩について誤っているのはどれか。",,"[""肩関節周囲炎が一因となる。"", ""帯を結ぶのが困難となる。"", ""痛みは寒冷時に増強する。"", ""予後不良である。""]","解答　４．","五十肩（肩関節周囲炎）は、肩関節の痛みと可動域制限（結帯・結髪動作の困難）を主徴とする。寒冷や夜間に痛みが増強しやすいが、多くは適切な治療や経過観察により自然治癒するため、予後は良好である。",1
96,A01-096,"あん摩マッサージ指圧師",1,"臨床医学各論","運動器疾患","慢性関節リウマチで誤っているのはどれか。",,"[""自己免疫性疾患である。"", ""血中コレステロール値が上昇する。"", ""レイノー現象がある。"", ""貧血がみられる。""]","解答　２．","関節リウマチは自己免疫疾患であり、慢性炎症に伴う貧血や、血管炎に伴うレイノー現象を認めることがある。血中コレステロール値の上昇は本症の直接的な特徴ではない。",1
237,A02-087,"あん摩マッサージ指圧師",2,"臨床医学各論","運動器疾患","疲労骨折の起きやすい部位はどれか。",,"[""大腿骨骨幹部"", ""鎖骨中央部"", ""脛骨下部"", ""橈骨骨幹部""]","解答　３．","疲労骨折は過度のスポーツなどで骨の同一部位に繰り返し力が加わることで発生する。好発部位は脛骨（特に下1/3）、中足骨（第2・3）、腓骨などである。",1
238,A02-088,"あん摩マッサージ指圧師",2,"臨床医学各論","運動器疾患","次の文で示す患者について最も考えられる疾患はどれか。
「68歳の男性。約100ｍ歩くと左の殿部から下腿部にかけて疼痛が生じる。しばらくしゃがんでいると症状は消失する。」",,"[""腰椎分離症"", ""脊柱管狭窄症"", ""脊椎骨粗しょう症"", ""変形性股関節症""]","解答　２．","歩行により下肢痛が出現し、前屈位での休息により改善する症状は「間欠性跛行」と呼ばれ、腰部脊柱管狭窄症の典型的な特徴である。高齢男性に多く、神経根や馬尾の圧迫により生じる。",1
243,A02-093,"あん摩マッサージ指圧師",2,"臨床医学各論","運動器疾患","総腓骨神経麻痺で正しい症状はどれか。",,"[""足関節の伸展ができない。"", ""知覚異常はない。"", ""足の指の背屈はできる。"", ""鈎足になる。""]","解答　１．","総腓骨神経は足関節の背屈（伸展）や足指の背屈を支配する筋を司るため、麻痺すると足関節の伸展ができなくなり「下垂足」を呈する。また、足背部の知覚異常も伴う。鈎足は脛骨神経麻痺でみられる。",1
386,A03-086,"あん摩マッサージ指圧師",3,"臨床医学各論","運動器疾患","いわゆる五十肩について誤っている記述はどれか。",,"[""肩の運動は制限される。"", ""関節腔は拡大している。"", ""上肢帯筋の萎縮が起こる。"", ""保存的治療が基本である。""]","解答　２．","五十肩（肩関節周囲炎）では、関節包の短縮や癒着が生じるため、関節腔はむしろ狭小化（容積減少）する。運動制限（拘縮）や廃用による筋萎縮が見られ、治療は安静や運動療法などの保存的治療が中心となる。",1
387,A03-087,"あん摩マッサージ指圧師",3,"臨床医学各論","運動器疾患","坐骨神経痛をきたしにくい疾患はどれか。",,"[""悪性腫瘍の骨転移"", ""腰椎椎間板ヘルニア"", ""帯状疱疹"", ""閉塞性動脈硬化症""]","解答　４．","坐骨神経痛は腰椎椎間板ヘルニアや脊柱管狭窄症、骨転移、帯状疱疹など神経への刺激・圧迫で生じる。閉塞性動脈硬化症（ASO）は血管の閉塞による血流障害であり、間欠性跛行を来すが、神経痛そのものを主症状とする疾患ではない。",1
388,A03-088,"あん摩マッサージ指圧師",3,"臨床医学各論","運動器疾患","変形性膝関節症の成因について誤っているのはどれか。",,"[""職業"", ""年齢"", ""脚気"", ""関節炎""]","解答　３．","変形性膝関節症は、加齢、肥満、職業（重労働）、外傷、関節炎などが原因で関節軟骨が摩耗する疾患である。脚気はビタミンB1欠乏症であり、末梢神経障害や心不全（脚気心）を来すが、膝関節の変形の直接的な原因にはならない。",1
392,A03-092,"あん摩マッサージ指圧師",3,"臨床医学各論","運動器疾患","症状と麻痺神経との組合せで正しいのはどれか。",,"[""鷲手 … 尺骨神経"", ""下垂手 … 正中神経"", ""尖足 … 大腿神経"", ""兎眼 … 三叉神経""]","解答　１．","尺骨神経麻痺では鷲手、橈骨神経麻痺では下垂手、正中神経麻痺では猿手が見られる。尖足は総腓骨神経麻痺、兎眼は顔面神経麻痺による症状である。",1
394,A03-094,"あん摩マッサージ指圧師",3,"臨床医学各論","運動器疾患","疾患と治療法との組合せで誤っているのはどれか。",,"[""癌性疼痛 … クモ膜下フェノールブロック"", ""坐骨神経痛 … 星状神経節ブロック"", ""五十肩 … 肩甲上神経ブロック"", ""三叉神経痛 … 上顎神経ブロック""]","解答　２．","星状神経節ブロックは頸部の交感神経節を遮断するもので、頭部、顔面、頸部、上肢の疾患（帯状疱疹、顔面神経麻痺など）に用いられる。坐骨神経痛は腰仙骨神経叢由来の痛みであり、星状神経節ブロックの適応ではない。",1
542,A04-092,"あん摩マッサージ指圧師",4,"臨床医学各論","運動器疾患","正しい組合せはどれか。",,"[""スワンネック変形 … 尺骨骨折"", ""アキレス腱断裂 … つま先立ち不能"", ""テニス肘 … 肘関節脱臼"", ""ジャンパー膝 … 膝関節の異常可動性""]","解答　２．","アキレス腱が断裂すると、下腿三頭筋の力が足に伝わらないため、つま先立ちが不能になる。スワンネック変形は関節リウマチ、テニス肘は上腕骨外側上顆炎、ジャンパー膝は膝蓋腱炎に関連する病態である。",1
543,A04-093,"あん摩マッサージ指圧師",4,"臨床医学各論","運動器疾患","先天性股関節脱臼の症状で、正しい記述はどれか。",,"[""大腿内側皮膚溝は、左右対称である。"", ""下肢の延長がみられる。"", ""開排制限がみられる。"", ""歩行開始後には、大転子低位がみられる。""]","解答　３．","先天性股関節脱臼（発育性股関節形成不全）では、股関節の開排制限、大腿内側皮膚溝の非対称、患肢の短縮、アリス徴候、トレンドレンブルグ歩行などがみられる。",1
544,A04-094,"あん摩マッサージ指圧師",4,"臨床医学各論","運動器疾患","障害と部位との組合せで、正しいのはどれか。",,"[""前十字靱帯損傷 … 肩関節"", ""環椎破裂骨折 … 腰椎"", ""脊椎分離症 … 胸椎"", ""コーレス骨折 … 橈骨下端""]","解答　４．","コーレス骨折は橈骨遠位端（下端）の骨折で、手のひらをついて倒れた際に起こりやすい。前十字靱帯は膝関節、環椎は第1頸椎、脊椎分離症は腰椎に多い。",1
546,A04-096,"あん摩マッサージ指圧師",4,"臨床医学各論","運動器疾患","意識がなくなる麻酔法はどれか。",,"[""吸入麻酔"", ""脊椎麻酔"", ""硬膜外麻酔"", ""鍼麻酔""]","解答　１．","全身麻酔（吸入麻酔や静脈麻酔）は中枢神経系に作用し、意識を消失させる。脊椎麻酔や硬膜外麻酔、鍼麻酔は局所・地域麻酔であり、意識は保たれる。",1
684,A05-084,"あん摩マッサージ指圧師",5,"臨床医学各論","運動器疾患","骨折部位で最も癒合しにくいのはどれか。",,"[""鎖骨中央部"", ""橈骨下端部"", ""大腿骨頚部"", ""踵骨体部""]","解答　３．","大腿骨頚部骨折（関節内骨折）は、骨膜がなく仮骨形成が行われないことや、血流が遮断されやすいため、骨癒合が非常に悪く、大腿骨頭壊死を起こしやすい部位として知られる。",1
685,A05-085,"あん摩マッサージ指圧師",5,"臨床医学各論","運動器疾患","脊椎骨粗しょう症に関連して誤っている記述はどれか。",,"[""腰痛の原因となる。"", ""骨塩量が減少する。"", ""脊椎圧迫骨折が起こりやすい。"", ""閉経後に進行が遅くなる。""]","解答　４．","骨粗鬆症は閉経後の女性に多く、エストロゲンの減少により骨吸収が促進されるため、閉経後に進行が加速する。骨塩量の減少により脊椎圧迫骨折を来し、腰痛や円背の原因となる。",1
686,A05-086,"あん摩マッサージ指圧師",5,"臨床医学各論","運動器疾患","先天性股関節脱臼の乳児期の症状で誤っているのはどれか。",,"[""トレンデレンブルグ徴候陽性"", ""大腿皮膚溝の非対称"", ""バーローテスト陽性"", ""クリックサイン陽性""]","解答　１．","トレンデレンブルグ徴候は、歩行開始後に中殿筋の機能不全により骨盤が傾く現象である。乳児期（歩行前）には、クリックサイン、バーローテスト、大腿皮膚溝の非対称、開排制限などが重要となる。",1
690,A05-090,"あん摩マッサージ指圧師",5,"臨床医学各論","運動器疾患","神経麻痺とその症状との組合せで誤っているのはどれか。",,"[""正中神経 … 猿手"", ""橈骨神経 … 下垂手"", ""尺骨神経 … 鷲手"", ""脛骨神経 … 下垂足""]","解答　４．","下垂足は、足の背屈が不能になる状態で、総腓骨神経麻痺により生じる。脛骨神経麻痺では足の底屈が不能になり、踵足（鉤足）を呈する。",1
837,A06-087,"あん摩マッサージ指圧師",6,"臨床医学各論","運動器疾患","慢性関節リウマチの症状で誤っているのはどれか。",,"[""朝のこわばり"", ""対称性の関節の腫れ"", ""皮下結節"", ""指ＤＩＰ関節の腫れ""]","解答　４．","関節リウマチは、手関節や手指のPIP・MP関節に好発し、DIP（遠位指節間）関節は侵されにくいのが特徴である。DIP関節の腫れや変形は、変形性関節症の一種であるヘバーデン結節でよく見られる。",1
838,A06-088,"あん摩マッサージ指圧師",6,"臨床医学各論","運動器疾患","捻挫について誤っている記述はどれか。",,"[""無理な関節運動を強いられたときに起こる。"", ""関節面の損傷である。"", ""受傷外力と同一方向の外力により疼痛が再現する。"", ""急性期には患部を冷やす。""]","解答　２．","捻挫は関節に過度の外力が加わり、靭帯や関節包などの軟部組織が損傷することを指す。関節面（軟骨や骨）自体の損傷は「骨折」や「軟骨損傷」に分類される。急性期はRICE処置（安静・冷却・圧迫・挙上）が基本である。",1
839,A06-089,"あん摩マッサージ指圧師",6,"臨床医学各論","運動器疾患","五十肩(肩関節周囲炎)について正しい記述はどれか。",,"[""肩甲上腕関節の運動制限がある。"", ""結髪困難は内旋制限による。"", ""結帯困難は外旋制限による。"", ""腱板の萎縮はない。""]","解答　１．","五十肩は肩関節の痛みと可動域制限（拘縮）を主徴とし、全方向の運動制限がみられる。結髪動作は「外旋・外転」、結帯動作は「内旋・内転」の制限により困難となる。長期化すれば廃用性の筋萎縮が生じることもある。",1
840,A06-090,"あん摩マッサージ指圧師",6,"臨床医学各論","運動器疾患","腰椎椎間板ヘルニアについて誤っている記述はどれか。",,"[""Ｌ5-Ｓ1間のヘルニアではラセーグテストは陽性である。"", ""Ｌ2-Ｌ3間のヘルニアでは大腿神経伸展テストは陽性である。"", ""Ｌ5-Ｓ1間のヘルニアではアキレス腱反射は正常である。"", ""坐骨神経痛は殿部から足部にかけて放散する。""]","解答　３．","L5-S1間のヘルニアではS1神経根が圧迫されるため、S1が反射弓となるアキレス腱反射は「減弱または消失」する。L4-L5間ではアキレス腱反射は正常であることが多い。下位腰椎ヘルニアではラセーグテストが陽性となる。",1
981,A07-081,"あん摩マッサージ指圧師",7,"臨床医学各論","運動器疾患","痛風でみられないのはどれか。",,"[""胆管結石"", ""尿路結石"", ""腎障害"", ""急性関節炎""]","解答　１．","痛風は高尿酸血症を基盤とし、尿酸塩結晶が沈着することで急性関節炎（痛風発作）や腎障害（痛風腎）、尿路結石を引き起こす。胆管結石はコレステロールやビリルビンが主成分であり、尿酸代謝異常である痛風とは直接の関係はない。",1
989,A07-089,"あん摩マッサージ指圧師",7,"臨床医学各論","運動器疾患","変形性膝関節症の症状で誤っているのはどれか。",,"[""運動開始時痛"", ""大腿四頭筋の肥大"", ""膝蓋跳動"", ""内側関節裂隙部の圧痛""]","解答　２．","変形性膝関節症では、膝関節の痛みにより活動性が低下し、大腿四頭筋の萎縮がみられるのが一般的である。運動開始時痛、内側関節裂隙の圧痛、関節液貯留による膝蓋跳動などは典型的な症状である。",1
990,A07-090,"あん摩マッサージ指圧師",7,"臨床医学各論","運動器疾患","五十肩について誤っているのはどれか。",,"[""原因は退行性変性"", ""肩関節可動域は正常"", ""運動時の痛み"", ""運動療法の適応""]","解答　２．","五十肩（肩関節周囲炎）は、肩関節の組織の退行性変性を基盤に発症し、運動時痛や夜間痛、および著明な関節可動域制限（拘縮）を特徴とする。急性期を過ぎた後は、可動域改善のための運動療法が重要となる。",1
991,A07-091,"あん摩マッサージ指圧師",7,"臨床医学各論","運動器疾患","腰部椎間板ヘルニアの症状で誤っているのはどれか。",,"[""放散痛"", ""解離性知覚障害"", ""筋萎縮"", ""深部反射低下""]","解答　２．","腰部椎間板ヘルニアは神経根圧迫により、下肢への放散痛、知覚鈍麻、筋力低下、深部腱反射の減弱・消失を呈する。解離性知覚障害（温痛覚のみ障害され触覚が保たれる等）は脊髄空洞症などの脊髄中心部病変でみられる症状である。",1
992,A07-092,"あん摩マッサージ指圧師",7,"臨床医学各論","運動器疾患","骨粗しょう症について誤っている記述はどれか。",,"[""骨の化学的組成に異常がある。"", ""閉経後に多く発症する。"", ""病的骨折を起こしやすい。"", ""運動が予防に重要である。""]","解答　１．","骨粗鬆症は、骨の化学的組成（成分比率）は正常であるが、骨量（骨密度）が減少して骨強度が低下する疾患である。閉経後のエストロゲン減少により女性に多く、椎体や大腿骨近位部の骨折を招きやすい。予防には運動やカルシウム摂取が有効である。",1
1127,A08-077,"あん摩マッサージ指圧師",8,"臨床医学各論","運動器疾患","閉経後に起こりやすい疾患はどれか。",,"[""気管支喘息"", ""尿路結石"", ""骨粗鬆症"", ""片頭痛""]","解答　３．","閉経後はエストロゲンの分泌が急激に減少するため、骨吸収が促進されて骨量が減少し、骨粗鬆症のリスクが高まる。また、脂質異常症なども起こりやすくなる。",1
1135,A08-085,"あん摩マッサージ指圧師",8,"臨床医学各論","運動器疾患","肩関節周囲炎について誤っているのはどれか。",,"[""40～60歳代に好発"", ""夜間痛"", ""関節包の拡大"", ""結帯動作の制限""]","解答　３．","肩関節周囲炎（五十肩）では、関節包の炎症や癒着により「関節包の縮小（拘縮）」が起こる。夜間痛や、結帯・結髪動作などの可動域制限が典型的な症状である。",1
1136,A08-086,"あん摩マッサージ指圧師",8,"臨床医学各論","運動器疾患","鶏歩に関係する神経はどれか。",,"[""大腿神経"", ""脛骨神経"", ""腓腹神経"", ""総腓骨神経""]","解答　４．","総腓骨神経麻痺により足関節の背屈ができなくなる（下垂足）。歩行時に足先が地面に引っかからないよう、膝を高く上げて歩く様子を「鶏歩」と呼ぶ。",1
1137,A08-087,"あん摩マッサージ指圧師",8,"臨床医学各論","運動器疾患","腰部脊柱管狭窄症で誤っている記述はどれか。",,"[""先天性と後天性がある。"", ""腰椎屈曲位で痛みが軽減する。"", ""安静時痛がある。"", ""間欠性跛行がある。""]","解答　３．","腰部脊柱管狭窄症は、歩行により下肢痛やしびれが出現する「間欠性跛行」が特徴であり、通常は安静にすると症状が消失する。前屈位（屈曲位）で脊柱管が広がるため、症状が軽減する。",1
1138,A08-088,"あん摩マッサージ指圧師",8,"臨床医学各論","運動器疾患","高齢者の大腿骨頚部骨折の骨癒合が起こりにくい理由はどれか。",,"[""骨修復能が低下している。"", ""関節包外骨折である。"", ""骨折の中枢側が充血状態となる。"", ""骨折片間に圧迫力がかかる。""]","解答　１．","高齢者では加齢に伴い骨形成能や血流が低下しており、骨修復能が低い。また、大腿骨頚部骨折（内側骨折）は関節包内骨折であり、大腿骨頭への血流が遮断されやすく、偽関節や骨壊死を起こしやすい。",1
1286,A09-086,"あん摩マッサージ指圧師",9,"臨床医学各論","運動器疾患","慢性関節リウマチの診断基準にないのはどれか。",,"[""朝のこわぼり"", ""３つ以上の関節の腫れ"", ""レイノー現象"", ""皮下結節""]","解答　３．","レイノー現象は全身性エリテマトーデス（SLE）や強皮症（PSS）でよく見られるが、関節リウマチ（RA）の米国リウマチ学会診断基準（1987年）には含まれない。朝のこわばり、多関節の腫脹、皮下結節などは基準に含まれる。",1
1287,A09-087,"あん摩マッサージ指圧師",9,"臨床医学各論","運動器疾患","外傷性脱臼で誤っているのはどれか。",,"[""特有な異常肢位"", ""関節包内脱臼"", ""ばね様固定"", ""関節の疼痛""]","解答　２．","外傷性脱臼は、強い外力により関節包が破れて関節頭が関節包外へ脱出する「関節包外脱臼」が一般的である。特有の異常肢位、ばね様固定（弾発性固定）、激しい疼痛が三主徴とされる。",1
1288,A09-088,"あん摩マッサージ指圧師",9,"臨床医学各論","運動器疾患","肩関節周囲炎で誤っているのはどれか。",,"[""夜間痛"", ""予後は不良"", ""挙上制限"", ""肩甲帯筋群の萎縮""]","解答　２．","肩関節周囲炎（五十肩）は、適切な治療やリハビリテーションにより多くの場合で症状が改善するため、予後は良好である。夜間痛や関節可動域制限（挙上制限）、廃用による筋萎縮を伴うことがある。",1
1293,A09-093,"あん摩マッサージ指圧師",9,"臨床医学各論","運動器疾患","腰椎椎間板ヘルニアの症状でないのはどれか。",,"[""足クローヌス"", ""坐骨神経痛"", ""下肢の知覚障害"", ""腰痛""]","解答　１．","腰椎椎間板ヘルニアは下位運動ニューロン障害を引き起こすため、腱反射減弱や筋萎縮が見られる。足クローヌスは上位運動ニューロン障害（脊髄圧迫や脳障害）で見られる症状である。",1
1296,A09-096,"あん摩マッサージ指圧師",9,"臨床医学各論","運動器疾患","陸上長距離選手が肉離れを起こしやすい筋はどれか。",,"[""ハムストリングス"", ""大腿四頭筋"", ""下腿三頭筋"", ""腹直筋""]","解答　３．","陸上競技、特に長距離やダッシュにおいて、下腿三頭筋（腓腹筋）は肉離れを起こしやすい代表的な部位である。ハムストリングスも多いが、下腿三頭筋は「テニス脚」としても知られる。",1
1426,A10-076,"あん摩マッサージ指圧師",10,"臨床医学各論","運動器疾患","外傷性脱臼で起こらないのはどれか。",,"[""疼痛"", ""腫脹"", ""変形"", ""脂肪塞栓""]","解答　４．","外傷性脱臼では激しい疼痛、関節の腫脹、外見上の変形（弾発性固定など）がみられる。脂肪塞栓は、長管骨（大腿骨など）の骨折時に骨髄内の脂肪組織が血中に流入することで発生する合併症であり、単純な脱臼では起こらない。",1
1429,A10-079,"あん摩マッサージ指圧師",10,"臨床医学各論","運動器疾患","加齢による変化で男女差がみられるのはどれか。",,"[""聴力"", ""筋力"", ""骨塩量"", ""肝血流量""]","解答　３．","骨塩量は加齢とともに減少するが、特に女性では閉経後のエストロゲン減少により急激に低下するため、顕著な男女差がみられる。聴力や筋力、肝血流量も加齢で低下するが、骨塩量ほど明確な性差を伴う変化ではない。",1
1440,A10-090,"あん摩マッサージ指圧師",10,"臨床医学各論","運動器疾患","慢性関節リウマチに認めにくい症状はどれか。",,"[""遠位指節間関節炎"", ""骨萎縮"", ""関節強直"", ""朝のこわばり""]","解答　２．","関節リウマチ（RA）は対称性の多関節炎を特徴とし、朝のこわばり、骨萎縮、関節強直などがみられる。指の関節では近位指節間（PIP）関節や中手指節（MP）関節が侵されやすく、遠位指節間（DIP）関節は通常侵されない（DIPは変形性関節症で侵される）。",1
1441,A10-091,"あん摩マッサージ指圧師",10,"臨床医学各論","運動器疾患","腰椎椎間板ヘルニアで正しい記述はどれか。",,"[""高齢者に好発する。"", ""好発部位はＬ4－Ｌ5間である。"", ""バビンスキー反射が出現する。"", ""背筋の緊張が低下する。""]","解答　２．","腰椎椎間板ヘルニアは20〜40歳代の青壮年に好発し、L4-L5間やL5-S1間に最も多く発生する。下位運動ニューロン障害のためバビンスキー反射（上位運動ニューロン徴候）は陰性となり、痛みにより背筋は緊張する。",1
1442,A10-092,"あん摩マッサージ指圧師",10,"臨床医学各論","運動器疾患","いわゆる五十肩で誤っているのはどれか。",,"[""退行変性である。"", ""外転、外旋制限が強い。"", ""包帯で固定する。"", ""予後は良い。""]","解答　３．","五十肩（肩関節周囲炎）は、肩関節の退行変性を基盤に発症し、外転・外旋などの可動域制限（拘縮）を伴う。治療の基本は運動療法であり、長期の包帯固定は拘縮を悪化させるため禁忌である。予後は一般に良好である。",1
1589,A11-089,"あん摩マッサージ指圧師",11,"臨床医学各論","運動器疾患","男性に多い疾患はどれか。",,"[""先天性股関節脱臼"", ""関節リウマチ"", ""変形性膝関節症"", ""痛風""]","解答　４．","痛風は高尿酸血症を基盤とする疾患で、患者の約95%以上が男性である。他の選択肢（先天性股関節脱臼、関節リウマチ、変形性膝関節症）はいずれも女性に多い。",1
1591,A11-091,"あん摩マッサージ指圧師",11,"臨床医学各論","運動器疾患","神経麻痺で母指対立筋の萎縮がみられるのはどれか。",,"[""筋皮神経"", ""尺骨神経"", ""橈骨神経"", ""正中神経""]","解答　４．","母指対立筋は正中神経に支配されており、正中神経麻痺（手根管症候群など）では母指球筋の萎縮により猿手と呼ばれる変形を呈する。",1
1593,A11-093,"あん摩マッサージ指圧師",11,"臨床医学各論","運動器疾患","骨粗鬆症の治療に用いられないのはどれか。",,"[""ビタミンA"", ""活性型ビタミンD"", ""エストロゲン"", ""カルシトニン""]","解答　１．","骨粗鬆症の治療には、カルシウムの吸収を促す活性型ビタミンD、骨吸収を抑制するエストロゲンやカルシトニン、ビスホスホネート製剤などが用いられる。ビタミンAは骨代謝に直接的な治療効果はない。",1
1738,A12-088,"あん摩マッサージ指圧師",12,"臨床医学各論","運動器疾患","高齢者の転倒予防で誤っている記述はどれか。",,"[""ベッドは膝の高さとする。"", ""起床時はしばらく座ってから立ち上がる。"", ""廊下を歩くときは手すりを利用する。"", ""履物はサンダルタイプとする。""]","解答　４．","サンダルやスリッパは脱げやすく、つまずきの原因となるため、高齢者の転倒予防には適さない。かかとが固定され、滑りにくい靴が推奨される。",1
1739,A12-089,"あん摩マッサージ指圧師",12,"臨床医学各論","運動器疾患","いわゆる五十肩で誤っている記述はどれか。",,"[""帯を結ぶ動作が困難となる。"", ""肩甲帯筋の廃用性萎縮がみられる。"", ""肩関節腔は拡大している。"", ""痛みは寒冷時に増悪する。""]","解答　３．","五十肩（肩関節周囲炎）の凍結肩の状態では、関節包の肥厚や縮小により関節腔の容積は減少（縮小）する。結帯動作の制限や夜間痛、寒冷時の増悪などが特徴である。",1
1740,A12-090,"あん摩マッサージ指圧師",12,"臨床医学各論","運動器疾患","変形性膝関節症に関連が少ないのはどれか。",,"[""運動開始時痛"", ""大腿四頭筋萎縮"", ""外反膝"", ""関節拘縮""]","解答　３．","変形性膝関節症（OA）は、日本では圧倒的に内反膝（O脚）を呈することが多い。運動開始時痛、大腿四頭筋の萎縮、関節可動域制限（拘縮）は典型的な所見である。",1
1741,A12-091,"あん摩マッサージ指圧師",12,"臨床医学各論","運動器疾患","変形性脊椎症で最も適切なのはどれか。",,"[""エックス線所見と臨床症状とは一致する。"", ""閉経後の女性に多い。"", ""長期間コルセットを装着させる。"", ""体操で筋力強化を図る。""]","解答　４．","変形性脊椎症では、脊柱を支える筋力を強化する体操が推奨される。X線上の変形と症状は必ずしも一致せず、コルセットの長期使用は筋力低下を招くため避けるべきである。",1
1880,A13-080,"あん摩マッサージ指圧師",13,"臨床医学各論","運動器疾患","五十肩について誤っている記述はどれか。",,"[""外旋運動が制限される。"", ""保存的治療が基本である。"", ""上肢帯筋の萎縮が起こる。"", ""完治することはまれである。""]","解答　４．","五十肩（肩関節周囲炎）は、適切な治療や経過によって多くの場合で症状が改善・完治する。運動制限（特に外旋・外転）や、長期化による廃用性の筋萎縮が見られることもあるが、予後は比較的良好である。",1
1881,A13-081,"あん摩マッサージ指圧師",13,"臨床医学各論","運動器疾患","変形性股関節症について正しい記述はどれか。",,"[""我が国では二次性が多い。"", ""エックス線像で骨萎縮が強い。"", ""ジョギングを勧める。"", ""杖は患側に持たせる。""]","解答　１．","日本人の変形性股関節症は、先天性股関節脱臼や発育性股関節形成不全に続発する二次性が約8割を占める。エックス線では骨硬化や関節裂隙の狭小化が見られ、治療では関節への負担を減らすため杖は健側に持たせる。",1
1882,A13-082,"あん摩マッサージ指圧師",13,"臨床医学各論","運動器疾患","腰部脊柱管狭窄症について適切でない記述はどれか。",,"[""高齢者に多い。"", ""間欠跛行が特徴である。"", ""下肢症状は両側に認めることが多い。"", ""足背動脈の拍動は消失する。""]","解答　４．","腰部脊柱管狭窄症は神経性の間欠跛行を呈するが、血管性ではないため足背動脈の拍動は保持される。足背動脈の拍動消失は閉塞性動脈硬化症（ASO）などの血管性病変で認められる。",1
1895,A13-095,"あん摩マッサージ指圧師",13,"臨床医学各論","運動器疾患","原発性骨粗鬆症について誤っている記述はどれか。",,"[""閉経後に多く発症する。"", ""病的骨折を起こしやすい。"", ""運動が予防に重要である。"", ""血液、生化学検査に異常を認める。""]","解答　４．","原発性骨粗鬆症では、通常、血液検査（血清カルシウム、リン、ALPなど）に異常を認めないのが特徴である。閉経後のエストロゲン減少が原因となることが多く、骨折の予防には運動や食事療法が重要である。",1
2033,A14-083,"あん摩マッサージ指圧師",14,"臨床医学各論","運動器疾患","いわゆる五十肩について誤っている記述はどれか。",,"[""結帯動作が困難である。"", ""夜間痛がある。"", ""40～60歳代に好発する。"", ""治療にデゾー包帯を行う。""]","解答　４．","五十肩（肩関節周囲炎）は、肩関節の痛みと可動域制限（結帯・結髪動作の困難）が特徴である。デゾー包帯は肩甲骨や上腕骨近位端骨折などの固定に用いられるもので、五十肩の治療（可動域改善が必要）には適さない。",1
2034,A14-084,"あん摩マッサージ指圧師",14,"臨床医学各論","運動器疾患","小児の肘関節周辺骨折について誤っている記述はどれか。",,"[""上腕骨顆上骨折の頻度が高い。"", ""上腕骨外顆骨折では手術の適応が多い。"", ""フォルクマン拘縮は重篤な合併症である。"", ""肘関節拘縮には強力に変形矯正を行う。""]","解答　４．","肘関節周辺の骨折後の拘縮に対し、強力な矯正（マッサージや無理な他動運動）を行うと、骨化性筋炎を誘発し、かえって可動域制限を悪化させる恐れがあるため禁忌である。",1
2041,A14-091,"あん摩マッサージ指圧師",14,"臨床医学各論","運動器疾患","関節リウマチの症状でないのはどれか。",,"[""朝のこわばり"", ""蝶形紅斑"", ""対称性の関節腫脹"", ""皮下結節""]","解答　２．","関節リウマチの主症状は朝のこわばり、対称性の多関節炎、皮下結節（リウマトイド結節）などである。蝶形紅斑は全身性エリテマトーデス（SLE）に特徴的な症状である。",1
2174,A15-074,"あん摩マッサージ指圧師",15,"臨床医学各論","運動器疾患","最も起こりにくいのはどれか。","次の文で示す症例について、A15-074、A15-075の問に答えよ。
「60歳の女性。生来健康で病気や外傷の既往はない。３か月前から右膝の疼痛と腫脹に気付く。膝の完全屈曲がやや困難。」","[""歩行開始時の疼痛"", ""膝蓋跳動"", ""膝関節の内反変形"", ""下肢の脚長差""]","解答　４．","高齢女性の膝痛・腫脹から変形性膝関節症が最も疑われる。歩行開始時痛、関節液貯留による膝蓋跳動、内反変形（O脚）は典型的だが、下肢の脚長差が生じることは稀である。",1
2175,A15-075,"あん摩マッサージ指圧師",15,"臨床医学各論","運動器疾患","この患者への指導で誤っているのはどれか。","次の文で示す症例について、A15-074、A15-075の問に答えよ。
「60歳の女性。生来健康で病気や外傷の既往はない。３か月前から右膝の疼痛と腫脹に気付く。膝の完全屈曲がやや困難。」","[""等尺性収縮訓練による大腿部の筋力強化"", ""正座訓練による関節可動域の改善"", ""膝サポーターの装用"", ""体重のコントロール""]","解答　２．","変形性膝関節症が疑われる症例である。正座は膝関節に強い負担をかけ、症状を悪化させるため避けるべきである。大腿四頭筋の筋力強化や減量は推奨される。",1
2176,A15-076,"あん摩マッサージ指圧師",15,"臨床医学各論","運動器疾患","肩関節周囲炎について適切でない記述はどれか。",,"[""加齢による退行性変性に起因する。"", ""更衣動作が困難となる。"", ""ヤーガソンテストが陽性となる。"", ""痛みがなくなるまで三角巾で安静を保つ。""]","解答　４．","肩関節周囲炎（五十肩）では、急性期を過ぎたら関節拘縮を予防するために積極的な可動域訓練を行う。長期間の固定・安静は拘縮を悪化させるため不適切である。ヤーガソンテストは上腕二頭筋長頭腱炎の検査である。",1
2177,A15-077,"あん摩マッサージ指圧師",15,"臨床医学各論","運動器疾患","骨粗鬆症について誤っているのはどれか。",,"[""骨量は正常である。"", ""クッシング症候群に合併する。"", ""脊椎圧迫骨折が起こる。"", ""管状骨では皮質骨が菲薄となる。""]","解答　１．","骨粗鬆症は骨強度が低下し骨折しやすくなる疾患であり、骨量は減少する。ステロイド過剰となるクッシング症候群は続発性骨粗鬆症の原因となる。好発部位は脊椎、大腿骨近位部などである。",1
2182,A15-082,"あん摩マッサージ指圧師",15,"臨床医学各論","運動器疾患","関節リウマチで誤っている記述はどれか。",,"[""朝のこわばりがみられる。"", ""発症は女性に多い。"", ""発症は20～40歳代に多い。"", ""多発性の化膿性関節炎がみられる。""]","解答　４．","関節リウマチは自己免疫による非特異的な滑膜炎であり、化膿性（細菌感染によるもの）ではない。朝のこわばり、対称性の多発関節炎、女性に多いことなどが特徴である。",1
2333,A16-083,"あん摩マッサージ指圧師",16,"臨床医学各論","運動器疾患","骨肉腫について誤っている記述はどれか。",,"[""高齢者に多い。"", ""膝関節近くに好発する。"", ""局所の腫脹・疼痛を起こす。"", ""下肢切断術が行われる。""]","解答　１．","骨肉腫は10歳代の思春期・若年者に好発する悪性骨腫瘍である。膝関節周囲（大腿骨遠位、脛骨近位）に好発し、夜間痛や腫脹を伴う。治療は化学療法と手術（患肢温存または切断）が行われる。",1
2334,A16-084,"あん摩マッサージ指圧師",16,"臨床医学各論","運動器疾患","手の腱鞘炎について誤っている記述はどれか。",,"[""反復する物理的刺激により起こる。"", ""ドゥ・ケルバン病は手関節尺側に起こる。"", ""ばね指の原因となる。"", ""局所の圧痛を認める。""]","解答　２．","ドゥ・ケルバン病（狭窄性腱鞘炎）は、長母指外転筋腱と短母指伸筋腱が通る手関節の「橈側」にある第1管室で起こる。尺側ではない。ばね指は屈筋腱の腱鞘炎により生じる。",1
2335,A16-085,"あん摩マッサージ指圧師",16,"臨床医学各論","運動器疾患","腰椎椎間板ヘルニアの症状でないのはどれか。",,"[""腰痛"", ""坐骨神経痛"", ""足クローヌス"", ""下肢の感覚障害""]","解答　３．","腰椎椎間板ヘルニアは下位運動ニューロン障害（神経根障害）を引き起こすため、腱反射の減弱や消失がみられる。足クローヌスは上位運動ニューロン障害（錐体路障害）でみられる症状であるため、本症には適さない。",1
2474,A17-074,"あん摩マッサージ指圧師",17,"臨床医学各論","運動器疾患","この症例に行うテストで適切なのはどれか。","次の文で示す症例について、A17-074、A17-075の問に答えよ。
「50歳の男性。１か月前から右上腕と手背の橈側にしびれ感と痛みがある。右上肢に脱力感があり肩も挙上しにくい。近医にて椎間板ヘルニアの診断を受けた。」","[""ジャクソンテスト"", ""ライトテスト"", ""ヤーガソンテスト"", ""ボンネットテスト""]","解答　１．","頸椎椎間板ヘルニアなどの頸部神経根障害を評価するテストには、ジャクソンテストやスパーリングテストがある。ライトテストは胸郭出口症候群、ヤーガソンテストは上腕二頭筋長頭腱炎、ボンネットテストは坐骨神経痛の検査である。",1
2475,A17-075,"あん摩マッサージ指圧師",17,"臨床医学各論","運動器疾患","この症例について誤っているのはどれか。","次の文で示す症例について、A17-074、A17-075の問に答えよ。
「50歳の男性。１か月前から右上腕と手背の橈側にしびれ感と痛みがある。右上肢に脱力感があり肩も挙上しにくい。近医にて椎間板ヘルニアの診断を受けた。」","[""男性に多い。"", ""椎間板変性を基盤とする。"", ""病変は上位頚椎にある。"", ""進行すると痙性麻痺を起こす。""]","解答　３．","上腕や手背橈側のしびれ、肩の挙上困難（三角筋などの弱化）から、C5またはC6神経根の障害が疑われる。これらは下位頸椎（C4/5, C5/6）のレベルであり、上位頸椎ではない。脊髄が圧迫されれば下肢の痙性麻痺を来しうる。",1
2476,A17-076,"あん摩マッサージ指圧師",17,"臨床医学各論","運動器疾患","腰部脊柱管狭窄症で適切でないのはどれか。",,"[""馬尾神経の圧迫が起こる。"", ""下肢痛を生じる。"", ""間欠跛行を示す。"", ""腰椎伸展位で症状が軽快する。""]","解答　４．","腰部脊柱管狭窄症は、腰椎を後屈（伸展）させると脊柱管がさらに狭まり症状が悪化する。逆に前屈位（屈曲）をとると脊柱管が広がり、間欠跛行などの症状が軽快するのが特徴である。",1
2477,A17-077,"あん摩マッサージ指圧師",17,"臨床医学各論","運動器疾患","骨粗鬆症で適切でない記述はどれか。",,"[""骨量が減少した状態である。"", ""骨吸収率は骨形成率より低下している。"", ""甲状腺機能亢進症で起こる。"", ""脊椎圧迫骨折が起こる。""]","解答　２．","骨粗鬆症は、骨吸収（骨を壊す）が骨形成（骨を作る）を上回ることで骨量が減少する疾患である。したがって、骨吸収率は相対的に高まっている。甲状腺機能亢進症などの内分泌疾患は二次性骨粗鬆症の原因となる。",1
2478,A17-078,"あん摩マッサージ指圧師",17,"臨床医学各論","運動器疾患","骨折で皮膚に創があり外界との交通のあるのはどれか。",,"[""病的骨折"", ""完全骨折"", ""粉砕骨折"", ""複雑骨折""]","解答　４．","骨折部が皮膚の損傷を介して外界と連通しているものを「複雑骨折（開放骨折）」と呼ぶ。感染のリスクが高いため緊急処置を要する。粉砕骨折は骨が細かく砕けたもの、病的骨折は骨腫瘍などで骨強度が低下して起こるものを指す。",1
2484,A17-084,"あん摩マッサージ指圧師",17,"臨床医学各論","運動器疾患","関節リウマチで起こりにくいのはどれか。",,"[""出血傾向"", ""朝のこわばり"", ""対称性関節腫脹"", ""赤沈値亢進""]","解答　１．","関節リウマチの主症状は、朝のこわばり、対称性の多関節腫脹、赤沈亢進やCRP陽性などの炎症反応である。出血傾向は通常認められない（治療薬の副作用等を除く）。",1
2621,A18-071,"あん摩マッサージ指圧師",18,"臨床医学各論","運動器疾患","肩関節周囲炎について適切でない記述はどれか。",,"[""帯を結ぶのが困難となる。"", ""有痛弧徴候(ペインフルアークサイン)がみられる。"", ""ライトテストが陽性となる。"", ""上腕二頭筋長頭筋腱に圧痛がみられる。""]","解答　３．","ライトテストは胸郭出口症候群の検査法であり、肩関節周囲炎の所見ではない。肩関節周囲炎では結帯動作の制限、ペインフルアークサイン（腱板損傷合併時など）、上腕二頭筋長頭腱の圧痛などがみられる。",1
2622,A18-072,"あん摩マッサージ指圧師",18,"臨床医学各論","運動器疾患","この症例の疾患について誤っている記述はどれか。","次の文で示す症例について、A18-072、A18-073の問に答えよ。
「50歳の女性。子供の頃、先天性股関節脱臼で治療を受けたことがある。最近、左股関節部に痛みがあり跛行するようになった。エックス線検査の結果、変形性股関節症と診断された。」","[""一次性の関節症である。"", ""トレンデレンブルグ歩行がみられる。"", ""初期には歩行開始時痛がある。"", ""股関節の可動域制限がみられる。""]","解答　１．","本症例は先天性股関節脱臼という明らかな原因があるため「二次性」の変形性股関節症に分類される。中殿筋弱化によるトレンデレンブルグ歩行や、始動時痛、可動域制限は本疾患の特徴である。",1
2623,A18-073,"あん摩マッサージ指圧師",18,"臨床医学各論","運動器疾患","この患者への指導で誤っているのはどれか。","次の文で示す症例について、A18-072、A18-073の問に答えよ。
「50歳の女性。子供の頃、先天性股関節脱臼で治療を受けたことがある。最近、左股関節部に痛みがあり跛行するようになった。エックス線検査の結果、変形性股関節症と診断された。」","[""体重の減量"", ""左手での杖使用"", ""プール内歩行"", ""進行した場合の人工関節の適応""]","解答　２．","変形性股関節症では、患側（左）への負荷を減らすため、杖は健側（右手）で持つのが原則である。体重減量や関節への負担が少ないプール内歩行は推奨される。",1
2627,A18-077,"あん摩マッサージ指圧師",18,"臨床医学各論","運動器疾患","痛風について誤っている記述はどれか。",,"[""ピロリン酸カルシウムの沈着がみられる。"", ""発作の好発部位は中足指節関節部である。"", ""耳介に皮下結節がみられる。"", ""エックス線では関節に小円形の打ち抜き像がみられる。""]","解答　１．","痛風は尿酸ナトリウム結晶が関節に沈着することで起こる。ピロリン酸カルシウムの沈着は「偽痛風」の特徴である。痛風では第1中足指節関節の激痛や耳介の痛風結節、X線での打ち抜き像が特徴的である。",1
2769,A19-069,"あん摩マッサージ指圧師",19,"臨床医学各論","運動器疾患","ピロリン酸カルシウムが原因である疼痛発作性関節炎はどれか。",,"[""痛風"", ""偽痛風"", ""変形性関節炎"", ""リウマチ性関節炎""]","解答　２．","偽痛風（ピロリン酸カルシウム結晶沈着症）は、関節軟骨にピロリン酸カルシウムが沈着し、急激な関節炎を起こす疾患である。膝関節に多く、高齢者に好発する。痛風の原因は尿酸ナトリウム結晶である。",1
2770,A19-070,"あん摩マッサージ指圧師",19,"臨床医学各論","運動器疾患","外反母趾について誤っているのはどれか。",,"[""男性に多い"", ""ＭＰ関節亜脱臼を起こす"", ""扁平足を伴う"", ""靴の使用と関連する""]","解答　１．","外反母趾は、足の第1趾が外側に曲がる変形であり、ハイヒールなどの靴の影響や筋力低下により女性に圧倒的に多い。横アーチが低下する開張足や扁平足を伴うことが多く、進行するとMP関節の亜脱臼を来す。",1
2771,A19-071,"あん摩マッサージ指圧師",19,"臨床医学各論","運動器疾患","骨肉腫で誤っている記述はどれか。",,"[""40歳代に好発する。"", ""大腿骨下端に多い。"", ""局所の疼痛・腫脹がみられる。"", ""エックス線検査で骨皮質の虫食い像を認める。""]","解答　１．","骨肉腫は若年者（10歳代）に好発する代表的な悪性骨腫瘍である。大腿骨下端や脛骨上端（膝関節付近）に多く、エックス線像では骨膜反応（Codman三角）や日光放射状（sunburst appearance）の像がみられる。",1
2774,A19-074,"あん摩マッサージ指圧師",19,"臨床医学各論","運動器疾患","この病態について正しい記述はどれか。","次の文で示す症例について、A19-074、A19-075の問に答えよ。
「85歳の女性。骨粗鬆症の治療中。トイレに行こうとして転倒、殿部と腰を打撲し、歩けなくなった。股関節は外旋位をとり、痛みは右殿部に強い。」","[""坐骨神経損傷が多い。"", ""寝返り動作は障害されにくい。"", ""寝たきりの原因となる危険性が高い。"", ""保存療法で歩行予後は良好である。""]","解答　３．","症例は大腿骨近位部骨折が疑われる。高齢者の大腿骨近位部骨折は、長期臥床による廃用症候群や合併症を招きやすく、寝たきりの主要な原因となる。早期離床を目指して手術療法が選択されることが多い。",1
2775,A19-075,"あん摩マッサージ指圧師",19,"臨床医学各論","運動器疾患","前問の疾患以外に、高齢者の転倒で起こりやすいのはどれか。","次の文で示す症例について、A19-074、A19-075の問に答えよ。
「85歳の女性。骨粗鬆症の治療中。トイレに行こうとして転倒、殿部と腰を打撲し、歩けなくなった。股関節は外旋位をとり、痛みは右殿部に強い。」","[""上腕骨近位部骨折"", ""骨盤骨折"", ""大腿骨骨幹部骨折"", ""脛骨骨折""]","解答　１．","高齢者の四大骨折は、大腿骨近位部骨折、上腕骨近位部骨折、橈骨遠位端骨折、脊椎圧迫骨折である。これらは骨粗鬆症を基盤として、転倒などの軽微な外力で発生しやすい。",1
2782,A19-082,"あん摩マッサージ指圧師",19,"臨床医学各論","運動器疾患","関節リウマチで正しいのはどれか。",,"[""男性に多い"", ""脂質異常症"", ""朝のこわばり"", ""汎血球減少""]","解答　３．","関節リウマチは、多発性の関節炎を主徴とする自己免疫疾患である。朝の起床時に関節が動かしにくい「朝のこわばり」が特徴的な症状である。30〜50歳代の女性に多く、汎血球減少は通常みられない。",1
2919,A20-069,"あん摩マッサージ指圧師",20,"臨床医学各論","運動器疾患","ばね指について正しい記述はどれか。",,"[""筋硬結が原因である。"", ""深指屈筋腱に好発する。"", ""局所の圧痛はない。"", ""伸展時に弾発現象は起こらない。""]","解答　２．","ばね指は指の屈筋腱（浅・深指屈筋腱）と腱鞘の間の狭窄性腱鞘炎である。MP関節掌側に圧痛や肥厚を認め、指の屈伸時に引っかかりが生じる弾発現象が特徴である。",1
2920,A20-070,"あん摩マッサージ指圧師",20,"臨床医学各論","運動器疾患","骨粗鬆症患者に好発する骨折はどれか。",,"[""橈骨遠位端骨折"", ""鎖骨骨折"", ""大腿骨骨幹部骨折"", ""脛骨骨幹部骨折""]","解答　１．","骨粗鬆症では骨強度が低下し、橈骨遠位端、大腿骨近位部（頸部）、脊椎（圧迫骨折）、上腕骨近位部などの骨折が好発する。骨幹部の骨折は通常、大きな外力によるものが多い。",1
2921,A20-071,"あん摩マッサージ指圧師",20,"臨床医学各論","運動器疾患","変形性膝関節症で正しい記述はどれか。",,"[""２次性のものが多い。"", ""初期には歩行開始時痛がみられる。"", ""膝蓋跳動は関節周囲浮腫により起こる。"", ""進行すると外反変形を起こす。""]","解答　２．","変形性膝関節症は加齢による1次性が多く、初期症状として動き始めの痛み（歩行開始時痛）が特徴的である。膝蓋跳動は関節液貯留により生じ、進行すると多くは内反変形（O脚）を呈する。",1
3072,A21-072,"あん摩マッサージ指圧師",21,"臨床医学各論","運動器疾患","損傷の可能性が最も高いのはどれか。","次の文で示す症例について、A21-072、A21-073の問に答えよ。
「24歳の女性。テニスのサーブ時に、左足関節を内側にひねった。足関節の前外側部の腫脹と疼痛を訴える。」","[""アキレス腱"", ""三角靱帯"", ""前距腓靱帯"", ""遠位脛腓靱帯""]","解答　３．","足関節を内側にひねる「内がえし捻挫」では、外側の靭帯が引き伸ばされる。その中でも前距腓靭帯は最も損傷頻度が高い。三角靭帯は内側の靭帯であり、外がえし捻挫で損傷する。",1
3073,A21-073,"あん摩マッサージ指圧師",21,"臨床医学各論","運動器疾患","本患者の応急処置として適切でないのはどれか。","次の文で示す症例について、A21-072、A21-073の問に答えよ。
「24歳の女性。テニスのサーブ時に、左足関節を内側にひねった。足関節の前外側部の腫脹と疼痛を訴える。」","[""冷却"", ""固定"", ""挙上"", ""マッサージ""]","解答　４．","急性期の外傷（捻挫）に対する応急処置はRICE処置（安静・冷却・圧迫・挙上）が基本である。マッサージは血流を促進させ、炎症や腫脹を悪化させる可能性があるため、急性期には適さない。",1
3079,A21-079,"あん摩マッサージ指圧師",21,"臨床医学各論","運動器疾患","外反母趾について正しい記述はどれか。",,"[""男性に多い。"", ""先の細い靴の着用習慣と関係が深い。"", ""手術療法の適応はない。"", ""関節リウマチに合併しない。""]","解答　２．","外反母趾は女性に多く、ハイヒールなど先の細い靴による圧迫が主な原因となる。重症例では手術が行われ、関節リウマチに伴う足部変形として合併することも多い。",1
3080,A21-080,"あん摩マッサージ指圧師",21,"臨床医学各論","運動器疾患","総腓骨神経麻痺について正しい記述はどれか。",,"[""足底の感覚障害を生じる。"", ""足関節部の圧迫によって発症する。"", ""足関節の背屈運動が障害される。"", ""足趾の底屈運動が障害される。""]","解答　３．","総腓骨神経は足関節の背屈や足趾の伸展を支配するため、麻痺すると下垂足（背屈不能）を呈する。腓骨頭付近での圧迫で生じやすく、感覚障害は足背に見られる。",1
3081,A21-081,"あん摩マッサージ指圧師",21,"臨床医学各論","運動器疾患","変形性膝関節症について正しい記述はどれか。",,"[""滑膜組織の摩耗を主病変とする。"", ""安静時痛が主症状である。"", ""単純エックス線像で関節裂隙の拡大を認める。"", ""大腿四頭筋訓練が有効である。""]","解答　４．","変形性膝関節症は関節軟骨の摩耗を主病変とし、動作時痛が特徴である。X線では関節裂隙の狭小化が見られる。治療には膝関節を安定させる大腿四頭筋の強化が有効である。",1
3086,A21-086,"あん摩マッサージ指圧師",21,"臨床医学各論","運動器疾患","肩関節の腱板損傷が多いのはどれか。",,"[""棘上筋"", ""肩甲下筋"", ""棘下筋"", ""小円筋""]","解答　１．","肩関節の腱板（ローテーターカフ）を構成する4筋のうち、最も損傷頻度が高いのは棘上筋である。肩峰下を通るため、力学的負荷やインピンジメントを受けやすい。",1
3088,A21-088,"あん摩マッサージ指圧師",21,"臨床医学各論","運動器疾患","坐骨神経痛の原因として最も多いのはどれか。",,"[""Ｌ1-Ｌ2椎間板ヘルニア"", ""Ｌ2-Ｌ3椎間板ヘルニア"", ""Ｌ3-Ｌ4椎間板ヘルニア"", ""Ｌ4-Ｌ5椎間板ヘルニア""]","解答　４．","腰椎椎間板ヘルニアはL4/L5間およびL5/S1間に最も多く発生する。これらの部位での神経根圧迫は坐骨神経痛の主要な原因となる。",1
3230,A22-080,"あん摩マッサージ指圧師",22,"臨床医学各論","運動器疾患","疾患と所見との組合せで誤っているのはどれか。",,"[""変形性膝関節症 … Ｏ脚変形"", ""変形性股関節症 … トレンデレンブルグ徴候"", ""変形性肘関節症 … 伸展障害"", ""ブシャール結節 … 遠位指節間関節腫脹""]","解答　４．","ブシャール結節は近位指節間（PIP）関節の腫脹を指す。遠位指節間（DIP）関節の腫脹はヘバーデン結節である。変形性膝関節症では内側型が多くO脚変形を呈し、変形性股関節症では中殿筋弱化によりトレンデレンブルグ徴候がみられる。",1
3231,A22-081,"あん摩マッサージ指圧師",22,"臨床医学各論","運動器疾患","女児に多い疾患はどれか。",,"[""ペルテス病"", ""大腿骨頭すべり症"", ""先天性股関節脱臼"", ""先天性内反足""]","解答　３．","先天性股関節脱臼は、女児に多く（男児の約5〜10倍）、家族歴や冬季出生、逆子（骨盤位）などがリスク因子となる。ペルテス病や大腿骨頭すべり症、先天性内反足は男児に多い。",1
3236,A22-086,"あん摩マッサージ指圧師",22,"臨床医学各論","運動器疾患","変形性膝関節症について正しいのはどれか。",,"[""一次性が多い。"", ""関節軟骨の摩耗所見はない。"", ""安静時痛が主症状である。"", ""大腿四頭筋訓練の効果はない。""]","解答　１．","変形性膝関節症は、加齢や肥満を背景とした原因不明の「一次性」が圧倒的に多い。関節軟骨の摩耗が本態であり、初期は動作時痛が主で、大腿四頭筋訓練は膝関節の安定性を高めるため非常に有効である。",1
3237,A22-087,"あん摩マッサージ指圧師",22,"臨床医学各論","運動器疾患","脊椎疾患と装具治療との組合せで誤っているのはどれか。",,"[""側弯症 … ミルウォーキーブレイス"", ""頚椎症 … 対立装具"", ""腰椎椎間板ヘルニア … 軟性コルセット"", ""腰椎圧迫骨折 … 体幹装具""]","解答　２．","対立装具は正中神経麻痺などによる母指の対立機能不全に対して用いられる手装具であり、頚椎症の治療には用いられない。頚椎症には頚椎カラーなどが用いられる。",1
3238,A22-088,"あん摩マッサージ指圧師",22,"臨床医学各論","運動器疾患","頚椎症性脊髄症について正しいのはどれか。",,"[""痙性麻痺は認めない。"", ""手指巧緻運動障害を認める。"", ""膀胱直腸障害は認めない。"", ""下肢腱反射が減弱する。""]","解答　２．","頚椎症性脊髄症は脊髄が圧迫されるため、上位運動ニューロン障害として痙性麻痺や下肢腱反射の亢進を認める。手指の細かい動作が困難になる巧緻運動障害や、重症例では膀胱直腸障害も出現する。",1
3359,A23-059,"あん摩マッサージ指圧師",23,"臨床医学各論","運動器疾患","関節リウマチでよくみられるのはどれか。",,"[""レイノー現象"", ""アフタ性口内炎"", ""ヘバーデン結節"", ""尺側偏位""]","解答　４．","関節リウマチでは、手指のMP関節の炎症により指が小指側に曲がる尺側偏位が特徴的である。ヘバーデン結節は変形性指関節症（DIP関節）の所見であり、レイノー現象は全身性強皮症や混合性結合組織病で多くみられる。",1
3360,A23-060,"あん摩マッサージ指圧師",23,"臨床医学各論","運動器疾患","筋・腱疾患についての組合せで正しいのはどれか。",,"[""肉離れ … 骨化性筋炎"", ""多発性筋炎 … 筋挫傷"", ""ドケルバン病 … フィンケルスタインテスト"", ""重症筋無力症 … 筋仮性肥大""]","解答　３．","ドケルバン病（狭窄性腱鞘炎）は長母指外転筋腱と短母指伸筋腱の障害であり、フィンケルスタインテストが陽性となる。筋仮性肥大はデュシェンヌ型筋ジストロフィーの特徴である。",1
3362,A23-062,"あん摩マッサージ指圧師",23,"臨床医学各論","運動器疾患","脊柱管狭窄を生じるのはどれか。",,"[""椎体前縁骨棘形成"", ""黄色靱帯肥厚"", ""前縦靱帯骨化"", ""棘突起肥大""]","解答　２．","脊柱管狭窄症は、椎間板の突出、椎体後縁の骨棘形成、黄色靱帯の肥厚などにより脊柱管が狭小化し、神経組織が圧迫される疾患である。前縦靱帯骨化や椎体前縁の骨棘は脊柱管の外側であるため、狭窄の直接原因にはなりにくい。",1
3363,A23-063,"あん摩マッサージ指圧師",23,"臨床医学各論","運動器疾患","先天性内反足について正しいのはどれか。",,"[""女児に多い。"", ""前足部は外転変形している。"", ""早期にギプス矯正を行う。"", ""リーメンビューゲル装具を装着する。""]","解答　３．","先天性内反足は男児に多く、尖足・内反・凹足・前足部内転の4要素を特徴とする。生後早期からの徒手矯正とギプス固定が基本である。リーメンビューゲル装具は先天性股関節脱臼に用いられる。",1
3511,A24-061,"あん摩マッサージ指圧師",24,"臨床医学各論","運動器疾患","肩関節周囲炎について正しいのはどれか。",,"[""原因は外傷が多い。"", ""肩関節可動域制限はない。"", ""安静時の疼痛が特徴である。"", ""腱板の変性が認められる。""]","解答　４．","肩関節周囲炎（いわゆる五十肩）は、加齢に伴う肩関節周囲組織（腱板や滑液包など）の変性が基盤となって発症する。運動痛や夜間痛、関節可動域制限（拘縮）が主な症状である。",1
3512,A24-062,"あん摩マッサージ指圧師",24,"臨床医学各論","運動器疾患","骨肉腫について正しいのはどれか。",,"[""老年期に好発する。"", ""骨端部に好発する。"", ""手指骨に好発する。"", ""骨幹端に好発する。""]","解答　４．","骨肉腫は10歳代の成長期に好発する悪性骨腫瘍である。膝関節周囲（大腿骨遠位、脛骨近位）などの長管骨の骨幹端に発生しやすいのが特徴である。",1
3513,A24-063,"あん摩マッサージ指圧師",24,"臨床医学各論","運動器疾患","短距離走で肉離れを起こしやすいのはどれか。",,"[""大内転筋"", ""大腿二頭筋"", ""中間広筋"", ""大腰筋""]","解答　２．","肉離れはハムストリングス（大腿二頭筋、半腱様筋、半膜様筋）に好発する。特に短距離走の加速期や全力疾走中に、強力な収縮と伸展が同時に加わることで発生しやすい。",1
3514,A24-064,"あん摩マッサージ指圧師",24,"臨床医学各論","運動器疾患","男性に多い疾患はどれか。",,"[""特発性側弯症"", ""フライバーグ病"", ""先天性内反足"", ""外反母趾""]","解答　３．","先天性内反足は男児に多く（女子の約2倍）、出生時より足部が内反・内転している疾患である。特発性側弯症、フライバーグ病（第2中足骨頭部無腐性壊死）、外反母趾はいずれも女性に多い。",1
3515,A24-065,"あん摩マッサージ指圧師",24,"臨床医学各論","運動器疾患","スポーツ外傷はどれか。",,"[""野球肩"", ""上腕骨投球骨折"", ""テニス肘"", ""シンスプリント""]","解答　２．","スポーツ外傷は、一度の大きな外力によって起こる怪我（骨折、捻挫など）を指す。上腕骨投球骨折は外傷に分類される。一方、野球肩、テニス肘、シンスプリントは繰り返しの負荷による「スポーツ障害」に分類される。",1
3522,A24-072,"あん摩マッサージ指圧師",24,"臨床医学各論","運動器疾患","本疾患で最も考えられる病態はどれか。","次の文で示す症例について、A24-072、A24-073の問に答えよ。
「45歳の男性。腰から殿部にかけての痛みを訴える。腰を反らせると痛みは増悪し、大腿部に放散する。前屈では痛みを生じない。神経学的異常所見はみられない。」","[""椎間板髄核の脱出"", ""脊柱管の狭窄"", ""椎間関節の炎症"", ""前縦靱帯の肥厚""]","解答　３．","腰部を後屈（反らせる）した際に痛みが増悪し、前屈で軽減するのは椎間関節由来の腰痛の特徴である。神経学的異常がないことから、神経根を圧迫する椎間板ヘルニアや脊柱管狭窄症の可能性は低い。",1
3523,A24-073,"あん摩マッサージ指圧師",24,"臨床医学各論","運動器疾患","本疾患で陽性を示す所見はどれか。","次の文で示す症例について、A24-072、A24-073の問に答えよ。
「45歳の男性。腰から殿部にかけての痛みを訴える。腰を反らせると痛みは増悪し、大腿部に放散する。前屈では痛みを生じない。神経学的異常所見はみられない。」","[""椎間関節に一致した圧痛"", ""ケンプ徴候"", ""ＳＬＲテスト"", ""パトリック徴候""]","解答　１．","腰を反らせる（後屈）ことで痛みが増悪し、神経学的異常がないことから「腰椎椎間関節症」が疑われる。この場合、患部の椎間関節に一致した局所的な圧痛を認めるのが特徴である。",1
3657,A25-057,"あん摩マッサージ指圧師",25,"臨床医学各論","運動器疾患","手の腱鞘炎について正しいのはどれか。",,"[""１回の外力により起こる。"", ""ドケルバン病は手関節橈側に起こる。"", ""槌指の原因である。"", ""局所の発赤を認める。""]","解答　２．","ドケルバン病は長母指外転筋腱と短母指伸筋腱の狭窄性腱鞘炎で、手関節橈側に起こる。腱鞘炎は主に使いすぎ（過用）による慢性的な負荷が原因となる。",1
3658,A25-058,"あん摩マッサージ指圧師",25,"臨床医学各論","運動器疾患","女性に多い疾患はどれか。",,"[""ペルテス病"", ""先天性内反足"", ""特発性側弯症"", ""キーンベック病""]","解答　３．","特発性側弯症は思春期の女子に多く発症する。ペルテス病、先天性内反足、キーンベック病はいずれも男性に多い傾向がある。",1
3659,A25-059,"あん摩マッサージ指圧師",25,"臨床医学各論","運動器疾患","疾患と治療装具の組合せで正しいのはどれか。",,"[""斜頚 … ボストンブレース"", ""特発性側弯症 … フォンローゼン装具"", ""発育性股関節形成不全 … リーメンビューゲル装具"", ""先天性内反足 … ミルウォーキーブレース""]","解答　３．","発育性股関節形成不全（先天性股関節脱臼）には、股関節を屈曲・外転位に保持するリーメンビューゲル装具が用いられる。側弯症にはミルウォーキーブレースやボストンブレース、先天性股関節脱臼の乳児にはフォンローゼン装具も用いられる。",1
3670,A25-070,"あん摩マッサージ指圧師",25,"臨床医学各論","運動器疾患","両肩をすくめて5秒間保持させる主動作筋はどれか。",,"[""斜角筋"", ""僧帽筋"", ""棘上筋"", ""三角筋""]","解答　２．","肩をすくめる動作（肩甲骨の挙上）の主動作筋は僧帽筋（上部線維）と肩甲挙筋である。徒手筋力テスト（MMT）においても、この動作で僧帽筋の筋力を評価する。",1
3671,A25-071,"あん摩マッサージ指圧師",25,"臨床医学各論","運動器疾患","両肩甲骨を脊柱に引き寄せる運動の主動作筋を支配する神経はどれか。",,"[""肩甲上神経"", ""肩甲下神経"", ""肩甲背神経"", ""腋窩神経""]","解答　３．","肩甲骨を脊柱に引き寄せる（内転させる）主動作筋は、大菱形筋、小菱形筋および僧帽筋である。このうち菱形筋を支配するのは肩甲背神経である。僧帽筋は副神経と頸神経叢の枝によって支配される。",1
3806,A26-056,"あん摩マッサージ指圧師",26,"臨床医学各論","運動器疾患","骨腫瘍と好発時期の組合せで正しいのはどれか。",,"[""ユーイング肉腫 … 老年期"", ""孤立性骨嚢腫 … 壮年期"", ""多発性骨髄腫 … 青年期"", ""骨肉腫 … 成長期""]","解答　４．","骨肉腫は10歳代の成長期に好発する代表的な悪性骨腫瘍である。ユーイング肉腫は小児から若年者、孤立性骨嚢腫は幼少期から青年期、多発性骨髄腫は中年以降（老年期）に好発する。",1
3807,A26-057,"あん摩マッサージ指圧師",26,"臨床医学各論","運動器疾患","脊柱管狭窄を生じないのはどれか。",,"[""黄色靭帯の肥厚"", ""椎間板の後方への膨隆"", ""椎間関節の肥大"", ""前縦靭帯の骨化""]","解答　４．","脊柱管狭窄は、脊柱管を構成する組織の変性によって管腔が狭くなる病態である。黄色靭帯の肥厚、椎間板の膨隆、椎間関節の肥大は脊柱管の内側に位置するため狭窄の原因となる。前縦靭帯は椎体の前方にあるため、骨化しても脊柱管狭窄は生じない。",1
3808,A26-058,"あん摩マッサージ指圧師",26,"臨床医学各論","運動器疾患","坐骨神経痛の原因として最も多い椎間板ヘルニアの高位はどれか。",,"[""第10胸椎-第11胸椎間"", ""第12胸椎-第1腰椎間"", ""第2腰椎-第3腰椎間"", ""第4腰椎-第5腰椎間""]","解答　４．","腰椎椎間板ヘルニアは、可動性と負担の大きい下位腰椎（L4/5間およびL5/S1間）で最も多く発生し、坐骨神経痛の主要な原因となる。",1
3809,A26-059,"あん摩マッサージ指圧師",26,"臨床医学各論","運動器疾患","肩関節脱臼で正しいのはどれか。",,"[""後方脱臼の頻度が高い。"", ""関節強直を起こすことが多い。"", ""合併症として腋窩神経損傷がある。"", ""再脱臼を起こすことはまれである。""]","解答　３．","肩関節脱臼は前方脱臼が圧倒的に多く、合併症として腋窩神経損傷（三角筋の麻痺や感覚障害）や、反復性脱臼（再脱臼）への移行が問題となる。",1
3824,A26-074,"あん摩マッサージ指圧師",26,"臨床医学各論","運動器疾患","本症例の下肢の筋肉痛で最も適切なのはどれか。","次の文で示す症例について、A26-074、A26-075の問いに答えよ。
「65歳の男性。久しぶりに山歩きをした。その日は症状はなかったが、２日後に下肢の筋肉に強い痛みが起こり来院した。」","[""肉ばなれによる筋肉痛"", ""筋線維の損傷による筋肉痛"", ""下腿の虚血による筋肉痛"", ""筋膜の炎症による筋肉痛""]","解答　２．","運動の数時間から数日後に現れる痛みは遅発性筋肉痛（DOMS）と呼ばれ、伸張性収縮などによる微細な筋線維の損傷とそれに伴う炎症が原因と考えられている。肉ばなれは受傷直後に激痛が走る。",1
3825,A26-075,"あん摩マッサージ指圧師",26,"臨床医学各論","運動器疾患","本症例の筋肉痛に対する治療として患部にしてはならないのはどれか。","次の文で示す症例について、A26-074、A26-075の問いに答えよ。
「65歳の男性。久しぶりに山歩きをした。その日は症状はなかったが、２日後に下肢の筋肉に強い痛みが起こり来院した。」","[""電気療法"", ""冷却"", ""マッサージ"", ""筋力抵抗訓練""]","解答　４．","遅発性筋肉痛（DOMS）の急性期において、さらに負荷をかける筋力抵抗訓練は損傷を悪化させる可能性があるため禁忌である。消炎鎮痛を目的とした冷却や軽度のマッサージ、物理療法が適応となる。",1
3958,A27-058,"あん摩マッサージ指圧師",27,"臨床医学各論","運動器疾患","腰椎椎間板ヘルニアの診断を受けている患者が今朝から急に尿閉となった。速やかに行うべき治療法はどれか。",,"[""ベッド上安静"", ""副腎皮質ステロイドの投与"", ""腰部硬膜外ブロック"", ""椎間板切除術""]","解答　４．","腰椎椎間板ヘルニアにおいて、尿閉や排尿障害が出現した場合は馬尾神経が高度に圧迫されている「馬尾症候群」が疑われる。これは緊急手術の適応であり、神経機能の不可逆的な損傷を防ぐために速やかな椎間板切除（除圧）が必要となる。",1
3959,A27-059,"あん摩マッサージ指圧師",27,"臨床医学各論","運動器疾患","骨肉腫について正しいのはどれか。",,"[""好発年齢は60歳代である。"", ""初発症状は運動時痛が多い。"", ""好発部位は手指骨である。"", ""化学療法は行わない。""]","解答　２．","骨肉腫は10歳代の若年者に好発する悪性骨腫瘍である。膝関節周囲（大腿骨遠位、脛骨近位）などの長管骨骨端部に好発し、初発症状は運動時の痛みや局所の腫脹である。治療は術前後の化学療法と手術療法の併用が標準的である。",1
3960,A27-060,"あん摩マッサージ指圧師",27,"臨床医学各論","運動器疾患","外傷と合併する神経麻痺の組合せで最も適切なのはどれか。",,"[""上腕骨骨幹部骨折 … 腋窩神経麻痺"", ""橈骨遠位端骨折 … 正中神経麻痺"", ""肩関節前方脱臼 … 尺骨神経麻痺"", ""股関節後方脱臼 … 大腿神経麻痺""]","解答　２．","橈骨遠位端骨折（コーレス骨折など）では、腫脹や変形により手根管を通る正中神経が圧迫され麻痺を合併することがある。上腕骨骨幹部骨折では橈骨神経、肩関節前方脱臼では腋窩神経、股関節後方脱臼では坐骨神経の麻痺が代表的である。",1
3974,A27-074,"あん摩マッサージ指圧師",27,"臨床医学各論","運動器疾患","本症例で障害されている神経根はどれか。","次の文で示す症例について、A27-074、A27-075の問いに答えよ。
「50歳の男性。肩の痛みで来院。2日前に左肩から上腕外側の疼痛が出現し、昨日から前腕橈側のしびれを認めた。左肩関節の挙上時痛、関節拘縮はない。」","[""C2"", ""C4"", ""C6"", ""Th1""]","解答　３．","上腕外側の疼痛および前腕橈側のしびれは、C6神経根の支配領域（デルマトーム）に一致する。C5は上腕外側、C6は前腕橈側・母指、C7は中指、C8は前腕尺側・小指を主に支配する。",1
3975,A27-075,"あん摩マッサージ指圧師",27,"臨床医学各論","運動器疾患","本症例で避けるべき動作はどれか。","次の文で示す症例について、A27-074、A27-075の問いに答えよ。
「50歳の男性。肩の痛みで来院。2日前に左肩から上腕外側の疼痛が出現し、昨日から前腕橈側のしびれを認めた。左肩関節の挙上時痛、関節拘縮はない。」","[""上肢を挙上する。"", ""肩甲骨を中央に寄せる。"", ""肩甲骨を挙上する。"", ""頸椎を後屈する。""]","解答　４．","本症例は頸椎症性神経根症が疑われる。頸椎を後屈させる動作（ジャクソンテストやスパーリングテストの肢位）は、椎間孔を狭めて神経根の圧迫を強めるため、避けるべきである。",1
4107,A28-057,"あん摩マッサージ指圧師",28,"臨床医学各論","運動器疾患","骨粗鬆症患者に好発する骨折部位はどれか。",,"[""上腕骨骨幹部"", ""橈骨頸部"", ""大腿骨転子部"", ""踵骨体部""]","解答　３．","骨粗鬆症による骨折の好発部位は、椎体（圧迫骨折）、大腿骨近位部（頸部・転子部）、橈骨遠位端、上腕骨近位部である。これらは高齢者の転倒などで容易に発生する。",1
4108,A28-058,"あん摩マッサージ指圧師",28,"臨床医学各論","運動器疾患","上肢の骨折で偽関節になりやすい部位はどれか。",,"[""鎖骨骨幹部"", ""上腕骨近位部"", ""橈骨遠位部"", ""舟状骨体部""]","解答　４．","手舟状骨は血行が乏しいため、骨折の部位（特に体部や近位）によっては骨癒合が起こりにくく、偽関節を形成しやすい。他には大腿骨頸部や脛骨中下1/3などが偽関節の好発部位として知られる。",1
4109,A28-059,"あん摩マッサージ指圧師",28,"臨床医学各論","運動器疾患","腰部脊柱管狭窄症の治療で最も適切なのはどれか。",,"[""膀胱直腸障害は観血的治療の適応である。"", ""片側性の下肢痛は保存的治療では改善しにくい。"", ""会陰部の異常感覚は保存的治療で改善しやすい。"", ""手術は脊椎固定術を要することが多い。""]","解答　１．","腰部脊柱管狭窄症において、膀胱直腸障害（排尿・排便障害）や進行性の筋力低下、会陰部のしびれ（馬尾症状）が認められる場合は、緊急または早期の観血的治療（手術）の適応となる。",1
4112,A28-062,"あん摩マッサージ指圧師",28,"臨床医学各論","運動器疾患","肘部管症候群を疑う所見はどれか。",,"[""フローマン徴候陽性"", ""ファレンテスト陽性"", ""母指球筋の萎縮"", ""下垂手""]","解答　１．","肘部管症候群は尺骨神経麻痺を引き起こす。尺骨神経支配の母指内転筋が麻痺するため、代償的に長母指屈筋を用いるフローマン徴候が陽性となる。ファレンテストや母指球筋萎縮は正中神経麻痺（手根管症候群）、下垂手は橈骨神経麻痺の所見である。",1
4120,A28-070,"あん摩マッサージ指圧師",28,"臨床医学各論","運動器疾患","この手指変形はどれか。","次の文で示す症例について、A28-070、A28-071の問いに答えよ。
「63歳の女性。30年前に関節リウマチと診断された。両手の示指、中指にPIP関節屈曲、DIP関節過伸展の変形を認める。」","[""Z変形"", ""ボタン穴変形"", ""槌指変形"", ""尺側偏位""]","解答　２．","関節リウマチに特徴的な手指変形のうち、PIP関節が屈曲しDIP関節が過伸展するものをボタン穴変形と呼ぶ。逆にPIP関節が過伸展しDIP関節が屈曲するものはスワンネック変形である。",1
4122,A28-072,"あん摩マッサージ指圧師",28,"臨床医学各論","運動器疾患","本症例でみられるのはどれか。","次の文で示す症例について、A28-072、A28-073の問いに答えよ。
「58歳の男性。1か月前に転倒し、右肩を打撲して以来、夜間痛がある。左手で支えれば右肩は側方挙上できるが、支えなければ90度以上の挙上が困難である。」","[""アリス徴候"", ""ガワーズ徴候"", ""ティネル徴候"", ""インピンジメント徴候""]","解答　４．","腱板損傷や肩関節周囲炎では、肩を挙上する際に腱板が烏口肩峰アーチに衝突して痛みが生じるインピンジメント徴候が陽性となる。アリス徴候は股関節脱臼、ガワーズ徴候は筋ジストロフィー、ティネル徴候は末梢神経障害でみられる。",1
4123,A28-073,"あん摩マッサージ指圧師",28,"臨床医学各論","運動器疾患","本症例で損傷の可能性が高いのはどれか。","次の文で示す症例について、A28-072、A28-073の問いに答えよ。
「58歳の男性。1か月前に転倒し、右肩を打撲して以来、夜間痛がある。左手で支えれば右肩は側方挙上できるが、支えなければ90度以上の挙上が困難である。」","[""棘上筋"", ""大円筋"", ""上腕二頭筋"", ""肩甲下筋""]","解答　１．","外傷後の夜間痛、および自動運動での挙上困難（他動運動は可能）から、腱板断裂が疑われる。腱板を構成する筋の中で最も損傷しやすいのは棘上筋であり、肩関節の外転（側方挙上）の初期動作を担う。",1
4247,A29-047,"あん摩マッサージ指圧師",29,"臨床医学各論","運動器疾患","関節リウマチに特異性が高い検査はどれか。",,"[""CRP"", ""赤血球沈降速度"", ""抗核抗体"", ""抗CCP抗体""]","解答　４．","抗CCP抗体（抗環状シトルリン化ペプチド抗体）は、関節リウマチに対して感度・特異度ともに高く、早期診断に有用である。CRPや赤沈は炎症の指標であり特異性は低い。",1
4248,A29-048,"あん摩マッサージ指圧師",29,"臨床医学各論","運動器疾患","骨粗鬆症について正しいのはどれか。",,"[""骨と類骨の成分比では類骨の割合が多くなる。"", ""骨量は減少する。"", ""血液生化学検査ではALPが高値を示す。"", ""正常骨量は年齢により変化しない。""]","解答　２．","骨粗鬆症は、骨基質と石灰化成分がともに減少（骨量の減少）し、骨の微細構造が破壊されて骨折しやすくなる疾患である。類骨の割合が増えるのは骨軟化症である。血液検査値（Ca, P, ALP）は通常正常範囲内である。",1
4249,A29-049,"あん摩マッサージ指圧師",29,"臨床医学各論","運動器疾患","骨肉腫について正しいのはどれか。",,"[""好発部位は脊椎である。"", ""好発年齢は40歳代である。"", ""手術単独療法が中心である。"", ""最近の5年生存率は60%以上である。""]","解答　４．","骨肉腫は10歳代の若年者に好発する悪性骨腫瘍で、膝関節周囲（大腿骨遠位、脛骨近位）に多い。化学療法と手術の併用により、現在の5年生存率は60〜70%以上に向上している。",1
4250,A29-050,"あん摩マッサージ指圧師",29,"臨床医学各論","運動器疾患","変形性股関節症について正しいのはどれか。",,"[""一次性が多い。"", ""男性に多い。"", ""発育性股関節形成不全は原因となる。"", ""ペルテス病は原因とならない。""]","解答　３．","日本では発育性股関節形成不全や股関節臼蓋形成不全を背景とした二次性変形性股関節症が圧倒的に多く、女性に好発する。ペルテス病も二次性の原因となり得る。",1
4407,A30-047,"あん摩マッサージ指圧師",30,"臨床医学各論","運動器疾患","疾患と炎症部位の組合せで正しいのはどれか。",,"[""上腕二頭筋長頭腱炎 … 大結節"", ""テニス肘 … 上腕骨外側上顆"", ""ドケルバン病 … 背側第二コンパートメント"", ""長腓骨筋腱鞘炎 … 内果""]","解答　2．","テニス肘（上腕骨外側上顆炎）は、短橈側手根伸筋の起始部である外側上顆に炎症が生じる。上腕二頭筋長頭腱炎は結節間溝、ドケルバン病は第1コンパートメント、内果を通るのは後脛骨筋腱などである。",1
4408,A30-048,"あん摩マッサージ指圧師",30,"臨床医学各論","運動器疾患","脱臼の部位と損傷神経の組合せで正しいのはどれか。",,"[""肩関節脱臼 … 肩甲上神経"", ""橈骨頭脱臼 … 橈骨神経"", ""股関節脱臼 … 大腿神経"", ""膝関節脱臼 … 総腓骨神経""]","解答　2.4.","橈骨頭脱臼やモンテジア骨折では橈骨神経（特に後骨間神経）麻痺を合併しやすい。膝関節脱臼では総腓骨神経麻痺の合併が多い。肩関節脱臼は腋窩神経、股関節脱臼（後方）は坐骨神経損傷が多い。",4
4409,A30-049,"あん摩マッサージ指圧師",30,"臨床医学各論","運動器疾患","骨腫瘍と好発年齢の組合せで正しいのはどれか。",,"[""骨巨細胞腫 … 1歳未満"", ""骨肉腫 … 10歳代"", ""ユーイング肉腫 … 50歳代"", ""孤立性骨嚢腫 … 70歳代""]","解答　2．","骨肉腫は10歳代の成長期に好発する代表的な悪性骨腫瘍である。骨巨細胞腫は20～40歳代、ユーイング肉腫は小児から若年者（10歳代）、孤立性骨嚢腫は小児から若年者に多い。",1
9927,A31-047,"あん摩マッサージ指圧師",31,"臨床医学各論","運動器疾患","偽痛風患者の関節に沈着している結晶成分はどれか。",,"[""尿酸ナトリウム"", ""シュウ酸カルシウム"", ""ビリルビンカルシウム"", ""ピロリン酸カルシウム""]","解答　4.","偽痛風はピロリン酸カルシウム（CPPD）の結晶が関節軟骨などに沈着して起こる。尿酸ナトリウムは痛風の原因物質である。シュウ酸カルシウムは尿路結石、ビリルビンカルシウムは胆石の成分として知られる。",1
9928,A31-048,"あん摩マッサージ指圧師",31,"臨床医学各論","運動器疾患","腱板断裂で陽性になることが多いのはどれか。",,"[""ヤーガソンテスト"", ""アイヒホッフテスト"", ""フロマン徴候"", ""インピンジメント徴候""]","解答　4.","腱板断裂や腱板損傷では、肩挙上時に大結節が肩峰などと衝突して痛みが生じるインピンジメント徴候（Neerテスト、Hawkinsテストなど）が陽性となることが多い。",1
9929,A31-049,"あん摩マッサージ指圧師",31,"臨床医学各論","運動器疾患","頸椎後縦靱帯骨化症について正しいのはどれか。",,"[""欧米人に多い。"", ""我が国では女性に多い。"", ""難治性疾患に認定されている。"", ""アキレス腱反射は減弱する。""]","解答　3.","頸椎後縦靱帯骨化症（OPLL）は、指定難病の一つである。欧米人に比べ日本人に多く、女性より男性に好発する。脊髄圧迫により錐体路障害（アキレス腱反射亢進など）を呈する。",1
9930,A31-050,"あん摩マッサージ指圧師",31,"臨床医学各論","運動器疾患","高齢者の非外傷性骨折で多い部位はどれか。",,"[""上腕骨近位部"", ""橈骨遠位部"", ""胸腰椎移行部"", ""大腿骨近位部""]","解答　3.","骨粗鬆症を有する高齢者では、くしゃみや尻餅などの軽微な外力、あるいは明らかな外傷なしに胸腰椎移行部の椎体圧迫骨折（いつの間にか骨折）が生じることが多い。",1
9931,A31-051,"あん摩マッサージ指圧師",31,"臨床医学各論","運動器疾患","関節リウマチの初期症状はどれか。",,"[""関節のこわばり"", ""関節の強直"", ""関節の変形"", ""関節の破壊""]","解答　1.","関節リウマチの初期には、朝方に手足の関節が動かしにくくなる「朝のこわばり」が出現しやすい。強直や変形は病期が進行してから生じる変化である。",1
9934,A31-054,"あん摩マッサージ指圧師",31,"臨床医学各論","運動器疾患","ＤＩＰ関節の変形性関節症はどれか。",,"[""ボタン穴変形"", ""マレット変形"", ""ブシャール結節"", ""ヘバーデン結節""]","解答　4.","変形性関節症により手指のDIP関節（遠位指節間関節）背側に生じる骨性隆起をヘバーデン結節という。PIP関節に生じるものはブシャール結節である。",1
10099,A32-059,"あん摩マッサージ指圧師",32,"臨床医学各論","運動器疾患","小児期に発生することが多いのはどれか。",,"[""ロコモティブシンドローム"", ""スワンネック変形"", ""ヘバーデン結節"", ""野球肘""]","解答　４．","野球肘（離断性骨軟骨炎や内側上顆剥離骨折など）は、成長期の小児・学童期にスポーツ（投球動作）によって生じやすい。他は主に成人〜高齢者の疾患である。",1
4570,A33-050,"あん摩マッサージ指圧師",33,"臨床医学各論","運動器疾患","肘内障について正しいのはどれか。",,"[""肘関節外側部に腫脹を認める。"", ""肘関節の外反動揺性を認める。"", ""腕橈関節の後方脱臼である。"", ""単純エックス線像では異常を認めない。""]","解答　４．","肘内障は橈骨頭が輪状靱帯から外れかかる亜脱臼状態で、小児に多い。骨折や完全脱臼ではないため、X線像では異常を認めないのが特徴である。整復されると速やかに使用可能となる。",1
10432,A34-052,"あん摩マッサージ指圧師",34,"臨床医学各論","運動器疾患","関節リウマチについて正しいのはどれか。",,"[""男性に多い。"", ""大関節は罹患しない。"", ""肺病変は起こらない。"", ""生物学的製剤による薬物療法が有効である。""]","解答　4．","関節リウマチは女性に多く、手指などの小関節から膝などの大関節まで広く罹患する。間質性肺炎などの関節外症状も伴う。近年は生物学的製剤やJAK阻害薬により、寛解を目指す治療が可能となっている。",1
10438,A34-058,"あん摩マッサージ指圧師",34,"臨床医学各論","運動器疾患","肘部管症候群でみられるのはどれか。",,"[""横手根靱帯の肥厚"", ""小指のしびれ"", ""ファレンテスト陽性"", ""母指球筋の萎縮""]","解答　2．","肘部管症候群は肘関節部での尺骨神経麻痺であり、尺骨神経の支配領域である小指と環指の尺側にしびれや感覚障害が生じる。母指球筋の萎縮やファレンテスト陽性は、正中神経麻痺である手根管症候群の特徴である。",1
4756,B01-076,"はり師・きゆう師",1,"臨床医学各論","運動器疾患","第６頚椎脱臼骨折による脊髄損傷患者の初期に見られるのはどれか。",,"[""呼吸停止"", ""痙性麻痺"", ""弛緩性麻痺"", ""交代性麻痺""]","解答　３．","脊髄損傷の急性期（脊髄ショック期）には、損傷部位以下の反射が消失し、弛緩性麻痺を呈する。その後、慢性期に移行すると腱反射が亢進し、痙性麻痺へと変化する。",1
4757,B01-077,"はり師・きゆう師",1,"臨床医学各論","運動器疾患","膝半月板損傷で見られるのはどれか。",,"[""前方引き出し症状陽性"", ""後方引き出し症状陽性"", ""嵌頓症状"", ""側方動揺性""]","解答　３．","膝半月板損傷では、断裂した半月板が関節に挟まり膝が動かなくなる嵌頓（ロッキング）症状が特徴的である。前方・後方引き出し症状は十字靭帯損傷、側方動揺性は側副靭帯損傷で見られる。",1
4915,B02-075,"はり師・きゆう師",2,"臨床医学各論","運動器疾患","頚椎後縦靱帯骨化症が多くみられる部位はどれか。",,"[""Ｃ1"", ""Ｃ3"", ""Ｃ5"", ""Ｃ7""]","解答　３．","頚椎後縦靱帯骨化症（OPLL）は、頚椎の後縦靱帯が骨化し脊髄を圧迫する疾患である。好発部位は中位頚椎であるC4、C5、C6付近に多い。",1
4917,B02-077,"はり師・きゆう師",2,"臨床医学各論","運動器疾患","脱臼の症状で誤っているのはどれか。",,"[""発赤"", ""疼痛"", ""変形"", ""ばね様固定""]","解答　１．","脱臼の固有症状には、関節の変形、弾発性固定（ばね様固定）、関節空虚などがある。疼痛も伴うが、発赤は炎症や感染症で顕著な症状であり、脱臼の主要な徴候ではない。",1
4919,B02-079,"はり師・きゆう師",2,"臨床医学各論","運動器疾患","先天性股関節脱臼について誤っている記述はどれか。",,"[""女児に多い。"", ""開排制限がある。"", ""大腿内側の皮膚溝が非対称となる。"", ""内反足を伴う。""]","解答　４．","先天性股関節脱臼（発育性股関節形成不全）は女児に多く、股関節の開排制限、大腿皮膚溝の非対称、クリックサインなどが特徴である。内反足は別の先天異常であり、必ずしも伴うものではない。",1
4920,B02-080,"はり師・きゆう師",2,"臨床医学各論","運動器疾患","Ｌ5-Ｓ1の椎間板ヘルニアの所見で誤っているのはどれか。",,"[""ラセーグ徴候陽性"", ""膝蓋腱反射消失"", ""アキレス腱反射消失"", ""腓腹筋筋力低下""]","解答　２．","L5/S1のヘルニアではS1神経根が圧迫される。S1障害ではアキレス腱反射の低下・消失、腓腹筋の筋力低下がみられる。膝蓋腱反射の消失はL4神経根障害（L3/4ヘルニア）でみられる所見である。",1
5081,B03-081,"はり師・きゆう師",3,"臨床医学各論","運動器疾患","大腿骨頚部内側骨折について誤っているのはどれか。",,"[""老人に多い。"", ""下肢は外旋位をとる。"", ""骨頭への血行は保たれている。"", ""骨癒合に長期間を要する。""]","解答　３．","大腿骨頸部内側骨折は関節包内の骨折であり、骨頭への血行が遮断されやすいため、骨頭壊死や偽関節を起こしやすい。高齢者に多く、受傷後は下肢が短縮・外旋位をとるのが特徴である。外側骨折（転子部骨折）に比べて骨癒合に時間を要する。",1
5082,B03-082,"はり師・きゆう師",3,"臨床医学各論","運動器疾患","骨粗しょう症について誤っているのはどれか。",,"[""閉経後の女性に発生しやすい。"", ""海綿骨の骨梁が減少する。"", ""腰背部痛の原因となる。"", ""脊椎圧迫骨折があれば手術を行う。""]","解答　４．","骨粗鬆症に伴う脊椎圧迫骨折は、多くの場合、安静やコルセットによる保存療法が第一選択となる。閉経後の女性はエストロゲン減少により骨吸収が促進され発症しやすい。海綿骨の骨梁減少により骨強度が低下し、腰背部痛の原因となる。",1
5083,B03-083,"はり師・きゆう師",3,"臨床医学各論","運動器疾患","椎間板ヘルニアについて誤っているのはどれか。",,"[""脱出した髄核が神経根を圧迫する。"", ""Ｌ5ーＳ1間のヘルニアでは大腿四頭筋の筋力が低下する。"", ""単純エックス線写真で椎間腔は狭小化する。"", ""再発を繰り返す患者には手術を行う。""]","解答　２．","大腿四頭筋の筋力低下は主にL4神経根障害（L3-L4間のヘルニア）でみられる。L5-S1間のヘルニアではS1神経根が圧迫され、下腿三頭筋の筋力低下やアキレス腱反射の減弱が起こる。単純エックス線では椎間腔の狭小化が観察されることがある。",1
5084,B03-084,"はり師・きゆう師",3,"臨床医学各論","運動器疾患","重傷熱傷でみられないのはどれか。",,"[""低蛋白血症"", ""循環血漿量増加"", ""腎障害"", ""十二指腸潰瘍""]","解答　２．","重症熱傷では、毛細血管の透過性亢進により血漿成分が血管外へ漏出するため、循環血漿量は減少（脱水・ショック状態）する。また、血漿蛋白の喪失による低蛋白血症、急性腎不全、ストレス性潰瘍（カーリング潰瘍）などが合併しやすい。",1
5088,B03-088,"はり師・きゆう師",3,"臨床医学各論","運動器疾患","麻酔について誤っている記述はどれか。",,"[""吸入麻酔には酸素が使用される。"", ""脊椎麻酔は下肢の手術に適用できる。"", ""静脈麻酔は全身麻酔である。"", ""硬膜外麻酔には気道内挿管が必要である。""]","解答　４．","硬膜外麻酔は局所麻酔の一種であり、通常は意識が保たれるため気道内挿管は必須ではない。吸入麻酔では酸素や空気と混合して投与される。脊椎麻酔は下半身の手術に適応され、静脈麻酔は薬物が全身を巡るため全身麻酔に分類される。",1
5243,B04-083,"はり師・きゆう師",4,"臨床医学各論","運動器疾患","疾患と症状との組合せで、正しいのはどれか。",,"[""変形性関節症 … 安静時痛"", ""坐骨神経痛 … 腱反射亢進"", ""脊柱管狭窄症 … 間歇性跛行"", ""胸髄損傷 … 四肢麻痺""]","解答　３．","腰部脊柱管狭窄症の典型的な症状は間歇性跛行である。変形性関節症は運動時痛が主で、胸髄損傷では対麻痺（四肢麻痺は頚髄損傷）となる。",1
5245,B04-085,"はり師・きゆう師",4,"臨床医学各論","運動器疾患","疾患と神経ブロックとの組合せで、正しいのはどれか。",,"[""後頭神経痛 … 硬膜外ブロック"", ""坐骨神経痛 … 星状神経節ブロック"", ""三叉神経痛 … 顔面神経ブロック"", ""五十肩 … 肩甲上神経ブロック""]","解答　４．","五十肩（肩関節周囲炎）の除痛には、肩甲上神経ブロックが有効である。三叉神経痛には三叉神経ブロック、坐骨神経痛には硬膜外ブロックや神経根ブロックが行われる。",1
5246,B04-086,"はり師・きゆう師",4,"臨床医学各論","運動器疾患","骨粗鬆症で、正しい記述はどれか。",,"[""骨の絶対量が減少する。"", ""脊柱は前彎する。"", ""血清カルシウムは低下する。"", ""骨皮質は厚くなる。""]","解答　１．","骨粗鬆症は、骨の化学的組成は正常だが、骨基質と石灰化物の両方が減少して骨の絶対量が減る疾患である。脊柱は後彎し、血清カルシウム値は通常正常範囲内である。",1
5247,B04-087,"はり師・きゆう師",4,"臨床医学各論","運動器疾患","骨折について、正しい記述はどれか。",,"[""粉砕骨折とは、複雑骨折のことである。"", ""骨端部骨折では、関節の機能障害を生じやすい。"", ""骨折部位を中心に約15㎝の副子を当てる。"", ""骨に鋼線を刺入して、牽引する方法を介達牽引法という。""]","解答　２．","骨端部骨折は関節内に及ぶことが多く、関節可動域制限などの機能障害を残しやすい。複雑骨折は開放骨折のことであり、鋼線を用いるのは直達牽引法である。",1
5397,B05-077,"はり師・きゆう師",5,"臨床医学各論","運動器疾患","脊髄損傷の合併症とその処置との組合せで誤っているのはどれか。",,"[""呼吸麻痺 … 酸素マスク"", ""過高熱 … 副腎皮質ステロイド薬"", ""褥創 … 体位変換"", ""尿閉 … 導尿""]","解答　１．","高位頸髄損傷による呼吸麻痺（横隔神経麻痺など）では、酸素マスクだけでは不十分であり、人工呼吸器による換気管理が必要となる。過高熱は自律神経障害によるもので、冷却や薬物療法が行われる。",1
5398,B05-078,"はり師・きゆう師",5,"臨床医学各論","運動器疾患","第４・５腰椎間椎間板ヘルニアの症状で正しいのはどれか。",,"[""膝蓋腱反射消失"", ""ラセーグ徴候陽性"", ""アキレス腱反射消失"", ""母趾底屈力低下""]","解答　２．","L4/L5間のヘルニアではL5神経根が圧迫される。下肢伸展挙上テスト（ラセーグ徴候）は腰椎椎間板ヘルニアで陽性となる。膝蓋腱反射はL4、アキレス腱反射はS1、母趾底屈はS1神経根の支配領域である。",1
5399,B05-079,"はり師・きゆう師",5,"臨床医学各論","運動器疾患","骨疾患で血液検査が正常なのはどれか。",,"[""脊椎カリエス"", ""脊椎側弯症"", ""上皮小体機能亢進症"", ""多発性骨髄腫""]","解答　２．","脊椎側弯症は脊柱の形態的異常であり、炎症や代謝異常を伴わないため血液検査は通常正常である。脊椎カリエスは炎症反応、上皮小体機能亢進症はCa・P値の異常、多発性骨髄腫はM蛋白や貧血などの異常を認める。",1
5561,B06-081,"はり師・きゆう師",6,"臨床医学各論","運動器疾患","外傷性脱臼について正しい記述はどれか。",,"[""関節包は破れていない。"", ""ばね様固定を認める。"", ""習慣性脱臼と陳旧性脱臼とは同じである。"", ""整復後痛みがなければ他動運動を開始する。""]","解答　２．","脱臼の固有症状として、弾発性固定（ばね様固定）と関節空虚がある。外傷性脱臼では通常、関節包の断裂を伴う。習慣性脱臼は軽微な外力で繰り返すもの、陳旧性脱臼は放置されて整復が困難になったものを指し、別物である。",1
5562,B06-082,"はり師・きゆう師",6,"臨床医学各論","運動器疾患","変形性関節症について誤っている記述はどれか。",,"[""成人の半数以上にみられる。"", ""膝関節に好発する。"", ""運動開始時の痛みが特徴である。"", ""強直を起こしやすい。""]","解答　４．","変形性関節症（OA）は関節軟骨の摩耗による退行性疾患であり、運動開始時の痛み（始動時痛）が特徴である。関節可動域制限は生じるが、関節リウマチのように骨性強直（関節が完全に固まること）を起こすことは稀である。",1
5563,B06-083,"はり師・きゆう師",6,"臨床医学各論","運動器疾患","骨粗しょう症について誤っている記述はどれか。",,"[""骨の化学的成分は正常である。"", ""骨の絶対量は減少する。"", ""閉経後に生じるのは高回転性である。"", ""甲状腺機能亢進症でみられる。""]","解答　３．","骨粗鬆症は骨の化学的組成（石灰化の割合）は保たれたまま、骨量（骨基質と骨塩の両方）が減少する状態である。閉経後骨粗鬆症はエストロゲン欠乏により骨吸収が亢進する「高回転型」である。選択肢3は「低回転性」と誤認させる意図があるが、記述としては正しい。甲状腺機能亢進症も続発性骨粗鬆症の原因となる。",1
5719,B07-079,"はり師・きゆう師",7,"臨床医学各論","運動器疾患","胸郭出口症候群の診断に有用なテストはどれか。",,"[""パトリックテスト"", ""ライトテスト"", ""ヤーガソンテスト"", ""ブラガードテスト""]","解答　２．","ライトテストは、両上肢を挙上・外転・外旋させ、橈骨動脈の脈拍減弱や消失を確認する胸郭出口症候群の誘発テストである。パトリックテストは股関節、ヤーガソンテストは上腕二頭筋長頭腱、ブラガードテストは坐骨神経痛の検査である。",1
5720,B07-080,"はり師・きゆう師",7,"臨床医学各論","運動器疾患","スポーツ障害の組合せで誤っているのはどれか。",,"[""衝突症候群 … 水泳肩"", ""上腕骨外側上顆炎 … テニス肘"", ""使いすぎ症候群 … 疲労骨折"", ""絞扼性症候群 … 野球肘""]","解答　４．","野球肘は投球動作による過度な負担が原因の「使いすぎ症候群（オーバーユース）」に分類される。絞扼性症候群は、神経や血管が周囲の組織によって圧迫される病態（手根管症候群など）を指す。衝突症候群（インピンジメント）は水泳肩の主な原因である。",1
5721,B07-081,"はり師・きゆう師",7,"臨床医学各論","運動器疾患","形態異常の組合せで正しいのはどれか。",,"[""先天性股関節脱臼 … 処女歩行遅延"", ""先天性内反足 … Ｘ脚"", ""生理的内反膝 … Ｏ脚"", ""外反母趾 … 間歇性跛行""]","解答　１．","先天性股関節脱臼では、歩き始めの時期が遅れる（処女歩行遅延）ことが特徴の一つである。内反足は足部の変形でありX脚とは無関係。生理的内反膝は2歳頃までの幼児に見られるO脚の状態を指す。間歇性跛行は閉塞性動脈硬化症や腰部脊柱管狭窄症で見られる症状である。",1
5878,B08-078,"はり師・きゆう師",8,"臨床医学各論","運動器疾患","変形性関節症でヘバーデン結節のみられる関節はどれか。",,"[""指関節"", ""肩関節"", ""股関節"", ""膝関節""]","解答　１．","ヘバーデン結節は、指の遠位指節間関節（DIP関節）に生じる骨性の隆起であり、変形性関節症の一種である。なお、近位指節間関節（PIP関節）に生じるものはブシャール結節と呼ばれる。",1
5880,B08-080,"はり師・きゆう師",8,"臨床医学各論","運動器疾患","第４-５腰椎椎間板ヘルニアについて正しいのはどれか。",,"[""ラセーグテスト陰性"", ""膝蓋腱反射正常"", ""下腿後面部の感覚鈍麻"", ""大腿四頭筋萎縮""]","解答　２．","L4/5ヘルニアではL5神経根が圧迫される。膝蓋腱反射はL4神経根の支配であるため、L5障害では正常である。L5障害では下腿外側から足背の感覚鈍麻、長母趾伸筋の筋力低下がみられる。ラセーグテストは陽性となる。",1
5881,B08-081,"はり師・きゆう師",8,"臨床医学各論","運動器疾患","小児の上腕骨顆上骨折について誤っている記述はどれか。",,"[""肘を伸ばして転倒したときに起こる。"", ""筋皮神経が損傷されやすい。"", ""上腕末端部に強い自発痛が生じる。"", ""フォルクマン拘縮の予防が必要である。""]","解答　２．","上腕骨顆上骨折で損傷されやすいのは正中神経や橈骨神経である。また、上腕動脈の圧迫による血行障害からフォルクマン拘縮をきたす恐れがあるため、緊急性が高い。筋皮神経の損傷は比較的稀である。",1
5884,B08-084,"はり師・きゆう師",8,"臨床医学各論","運動器疾患","膝関節のスポーツ外傷で誤っている組合せはどれか。",,"[""前十字靱帯損傷 … ラックマンテスト"", ""内側側副靱帯損傷 … 外反動揺性"", ""外側側副靱帯損傷 … 引き出し症状"", ""半月板損傷 … マクマレーテスト""]","解答　３．","引き出し症状（前方・後方）は十字靱帯損傷の評価に用いられる。外側側副靱帯損傷では内反動揺性がみられる。前十字靱帯にはラックマンテスト、半月板にはマクマレーテストがそれぞれ特異的な検査である。",1
6039,B09-079,"はり師・きゆう師",9,"臨床医学各論","運動器疾患","先天性股関節脱臼について誤っている記述はどれか。",,"[""女児に多い。"", ""オルトラニー徴候を認める。"", ""大腿内側皮膚溝は非対称となる。"", ""幼児期には腰椎後弯を認める。""]","解答　４．","先天性股関節脱臼（発育性股関節形成不全）では、歩行開始後に代償作用として腰椎の前弯が強くなる。女児に多く、クリック音を確認するオルトラニー徴候や皮膚溝の非対称が特徴である。",1
6046,B09-086,"はり師・きゆう師",9,"臨床医学各論","運動器疾患","脊椎麻酔で手術が可能な骨折の部位はどれか。",,"[""鎖骨"", ""上腕骨"", ""肋骨"", ""大腿骨""]","解答　４．","脊椎麻酔（腰椎麻酔）は下半身の手術に適応される。大腿骨骨折は下肢の疾患であるため脊椎麻酔が可能である。鎖骨や上腕骨は高位の麻酔が必要なため通常は全身麻酔や伝達麻酔が行われる。",1
6200,B10-080,"はり師・きゆう師",10,"臨床医学各論","運動器疾患","疾患とその特徴との組合せで正しいのはどれか。",,"[""原発性骨粗鬆症 … アルカリフォスファターゼ値の異常"", ""骨肉腫 … 老人に好発"", ""脊椎カリエス … 脊柱の運動制限"", ""股関節脱臼 … 硬性墜落跛行""]","解答　３．","脊椎カリエス（結核性脊椎炎）では、炎症や椎体破壊により脊柱の運動制限や冷膿瘍がみられる。骨粗鬆症では通常ALP値は正常。骨肉腫は若年者に好発する。先天性股関節脱臼ではトレンデレンブルグ徴候などの跛行がみられるが、硬性墜落跛行は強直などでみられる。",1
6201,B10-081,"はり師・きゆう師",10,"臨床医学各論","運動器疾患","二次性変形性関節症の原因とならないのはどれか。",,"[""ペルテス病"", ""先天性股関節脱臼"", ""重症筋無力症"", ""血友病""]","解答　３．","二次性変形性関節症は、何らかの基礎疾患（外傷、先天異常、炎症など）に続いて起こる。ペルテス病や先天性股関節脱臼は関節の形態異常を、血友病は関節内出血を繰り返すことで関節破壊を招く。重症筋無力症は神経筋接合部の疾患であり、直接的な関節変形の原因とはならない。",1
6202,B10-082,"はり師・きゆう師",10,"臨床医学各論","運動器疾患","手根管症候群について誤っているのはどれか。",,"[""正中神経低位麻痺"", ""母指球筋の萎縮"", ""母指の対立運動障害"", ""骨間筋の萎縮""]","解答　４．","手根管症候群は、手根管内で正中神経が圧迫される低位麻痺である。母指球筋の萎縮、母指対立運動障害（猿手）、正中神経領域のしびれが特徴である。骨間筋の萎縮は尺骨神経麻痺（鷲手）で認められる症状である。",1
6352,B11-072,"はり師・きゆう師",11,"臨床医学各論","運動器疾患","疾患と症候との組合せで誤っているのはどれか。",,"[""脊柱側弯症 … 肋骨隆起"", ""腰椎椎間板ヘルニア … ラセーグ徴候"", ""強直性脊椎炎 … 亀背"", ""頚椎脱臼骨折 … 四肢麻痺""]","解答　３．","強直性脊椎炎は脊椎の強直を来すが、亀背（円背）は骨粗鬆症による圧迫骨折などで顕著にみられる。強直性脊椎炎では脊柱の可動域制限や竹節状脊椎（バンブースパイン）が特徴的である。",1
6357,B11-077,"はり師・きゆう師",11,"臨床医学各論","運動器疾患","関節リウマチでみられないのはどれか。",,"[""スワンネック変形"", ""ボタン穴変形"", ""デュピュイトレン拘縮"", ""尺側偏位""]","解答　３．","デュピュイトレン拘縮は手掌腱膜の肥厚・収縮により手指が屈曲する疾患で、関節リウマチとは無関係である。他の3つはリウマチによる手指の典型的な変形である。",1
6358,B11-078,"はり師・きゆう師",11,"臨床医学各論","運動器疾患","外傷性脱臼について正しい記述はどれか。",,"[""整復後直ちに運動を開始する。"", ""頻度の高いのは肩関節である。"", ""腫脹が治まってから整復する。"", ""肘関節脱臼では血管損傷を合併することが多い。""]","解答　２．","外傷性脱臼で最も頻度が高いのは肩関節脱臼である。脱臼は緊急整復が必要であり、整復後は一定期間の固定を行ってからリハビリを開始する。",1
6510,B12-070,"はり師・きゆう師",12,"臨床医学各論","運動器疾患","高齢者の転倒しやすい理由でないのはどれか。",,"[""立ち直り反応の亢進"", ""感覚機能の低下"", ""関節可動範囲の制限"", ""重心動揺の増大""]","解答　１．","高齢者は加齢に伴い、視覚や深部感覚などの感覚機能が低下し、関節可動域の制限や筋力低下が生じる。また、立ち直り反応（姿勢反射）は減弱・遅延し、重心動揺が増大するため転倒しやすくなる。亢進は誤り。",1
6511,B12-071,"はり師・きゆう師",12,"臨床医学各論","運動器疾患","高齢者に起こりやすい骨折で誤っているのはどれか。",,"[""上腕骨顆上骨折"", ""橈骨遠位端骨折"", ""腰椎圧迫骨折"", ""大腿骨頚部骨折""]","解答　１．","高齢者の四大骨折は、橈骨遠位端骨折（コーレス骨折など）、脊椎圧迫骨折、大腿骨近位部骨折（頸部・転子部）、上腕骨外科頸骨折である。上腕骨顆上骨折は小児に好発する骨折である。",1
6512,B12-072,"はり師・きゆう師",12,"臨床医学各論","運動器疾患","長期臥床による生体への影響で誤っているのはどれか。",,"[""骨のカルシウムの減少"", ""脊柱支持筋力の低下"", ""心拍出量の減少"", ""酸素摂取量の増加""]","解答　４．","長期臥床（廃用症候群）では、骨吸収が進み骨カルシウムが減少（骨粗鬆症）、筋萎縮による筋力低下、心機能低下による心拍出量減少、最大酸素摂取量の低下などが起こる。酸素摂取量が増加することはない。",1
6520,B12-080,"はり師・きゆう師",12,"臨床医学各論","運動器疾患","関節リウマチと関係ないのはどれか。",,"[""朝のこわばり"", ""関節の強直"", ""対称性関節腫脹"", ""関節血腫""]","解答　４．","関節リウマチ（RA）は、朝のこわばり、対称性の多関節腫脹、進行すると関節の強直や変形をきたす自己免疫疾患である。関節血腫は血友病などの凝固異常症でみられる特徴的な所見であり、RAの主症状ではない。",1
6521,B12-081,"はり師・きゆう師",12,"臨床医学各論","運動器疾患","手根管症候群の原因とならないのはどれか。",,"[""妊娠"", ""甲状腺機能亢進症"", ""関節リウマチ"", ""糖尿病""]","解答　２．","手根管症候群は正中神経の圧迫により生じる。原因として妊娠（浮腫）、甲状腺機能低下症（粘液水腫）、関節リウマチ（滑膜炎）、糖尿病、透析（アミロイド沈着）などが挙げられる。甲状腺機能亢進症は通常原因とならない。",1
6522,B12-082,"はり師・きゆう師",12,"臨床医学各論","運動器疾患","腰椎椎間板ヘルニアで正しい記述はどれか。",,"[""中年以降の男性に好発する。"", ""坐骨神経痛が頻発する。"", ""第３－４腰椎間で最も多い。"", ""知覚障害は出現しない。""]","解答　２．","腰椎椎間板ヘルニアは20〜40歳代の比較的若い男性に好発し、下位腰神経根の圧迫により坐骨神経痛を頻発する。好発部位は第4-5腰椎間（L4/5）および第5腰椎-第1仙椎間（L5/S1）である。神経根圧迫により知覚障害も出現する。",1
6673,B13-073,"はり師・きゆう師",13,"臨床医学各論","運動器疾患","15歳の肥満男子。軽微な外傷後跛行を主訴として来院した。最も考えられるのはどれか。",,"[""ペルテス病"", ""変形性股関節症"", ""結核性股関節炎"", ""大腿骨頭すべり症""]","解答　４．","大腿骨頭すべり症は、成長期の肥満傾向にある男子に多く、軽微な外傷や明らかな原因なく股関節痛や跛行を呈する疾患である。ペルテス病はより低年齢（4〜8歳）に多い。",1
6674,B13-074,"はり師・きゆう師",13,"臨床医学各論","運動器疾患","関節リウマチに合併しない変形はどれか。",,"[""スワンネック変形"", ""ボタン穴変形"", ""マレット変形"", ""尺側偏位""]","解答　３．","関節リウマチでは手指の尺側偏位、スワンネック変形、ボタン穴変形などが特徴的である。マレット変形（槌指）は主に指伸筋腱の断裂や剥離骨折による外傷性の変形であり、リウマチの典型的変形ではない。",1
6675,B13-075,"はり師・きゆう師",13,"臨床医学各論","運動器疾患","下部腰椎椎間板ヘルニアで認めにくい記述はどれか。",,"[""坐骨神経痛を伴う。"", ""ギックリ腰ではじまる。"", ""大腿内側の知覚障害を認める。"", ""髄核は後側方に脱出する。""]","解答　３．","下部腰椎（L4/5, L5/S1）のヘルニアでは、坐骨神経の領域である下腿や足部の知覚障害がみられる。大腿内側の知覚は上位腰椎（L2, L3）支配であるため、下部腰椎ヘルニアでは認めにくい。",1
6833,B14-073,"はり師・きゆう師",14,"臨床医学各論","運動器疾患","変形性関節症について誤っている記述はどれか。",,"[""関節の退行性変化である。"", ""荷重関節に好発する。"", ""運動開始時の痛みが特徴的である。"", ""関節強直を起こしやすい。""]","解答　４．","変形性関節症は加齢による軟骨の摩耗などの退行性変化であり、膝や股などの荷重関節に多い。運動開始時の痛みが特徴だが、関節が完全に動かなくなる「強直」は、関節リウマチや化膿性関節炎などで見られ、本症では稀である。",1
6834,B14-074,"はり師・きゆう師",14,"臨床医学各論","運動器疾患","腰部脊柱管狭窄症について誤っている記述はどれか。",,"[""腰椎屈曲位で疼痛が軽減する。"", ""間欠跛行がある。"", ""下肢症状は片側性である。"", ""安静時痛は少ない。""]","解答　３．","腰部脊柱管狭窄症では、脊柱管全体が狭くなるため、下肢症状は両側性に現れることが多い（馬尾型）。前屈位で脊柱管が広がるため症状が軽減し、歩行により症状が悪化する間欠跛行が特徴である。",1
6986,B15-066,"はり師・きゆう師",15,"臨床医学各論","運動器疾患","手根管症候群で誤っている記述はどれか。",,"[""関節リウマチが原因となる。"", ""ティネル徴候が陽性となる。"", ""ファーレンテストは陽性となる。"", ""神経伝導速度は正常である。""]","解答　４．","手根管症候群は正中神経の圧迫障害であり、神経伝導速度の遅延が認められる。関節リウマチや透析、妊娠などが原因となり、ティネル徴候やファーレンテストが陽性となる。",1
6987,B15-067,"はり師・きゆう師",15,"臨床医学各論","運動器疾患","骨肉腫について誤っている記述はどれか。",,"[""骨原性の悪性腫瘍では最も多い。"", ""中年以後の発症が多い。"", ""膝周囲の発症が多い。"", ""疼痛・腫脹・発赤がみられる。""]","解答　２．","骨肉腫は10歳代の成長期に好発する原発性悪性骨腫瘍である。膝周囲（大腿骨遠位、脛骨近位）に最も多く発生し、局所の疼痛、腫脹、熱感（発赤）などを伴う。中年以後の発症はまれである。",1
6988,B15-068,"はり師・きゆう師",15,"臨床医学各論","運動器疾患","頚髄損傷について誤っている記述はどれか。",,"[""上位頚髄損傷では呼吸障害がある。"", ""下位頚髄損傷では排尿は正常である。"", ""麻痺性イレウスを合併する。"", ""体温調節の障害がある。""]","解答　２．","頸髄損傷では、損傷部位に関わらず排尿障害（神経因性膀胱）を伴う。上位頸髄（C3-5）損傷では横隔神経麻痺による呼吸障害が起こり、急性期には自律神経障害による麻痺性イレウスや体温調節障害もみられる。",1
6990,B15-070,"はり師・きゆう師",15,"臨床医学各論","運動器疾患","関節リウマチの血液検査所見で誤っているのはどれか。",,"[""赤血球数減少"", ""ＣＲＰ陽性"", ""血小板数減少"", ""赤沈値促進""]","解答　３．","関節リウマチの活動期には、炎症を反映してCRP陽性、赤沈促進、白血球数増加、血小板数増加がみられる。また、慢性炎症に伴う貧血（赤血球数減少）も一般的である。血小板数は減少ではなく増加傾向を示す。",1
7150,B16-070,"はり師・きゆう師",16,"臨床医学各論","運動器疾患","ヘバーデン結節について誤っているのはどれか。",,"[""女性に多い。"", ""近位指節間関節に生じる。"", ""変形性関節症である。"", ""初期には軽度発赤・熱感を伴う。""]","解答　２．","ヘバーデン結節は指の遠位指節間関節（DIP関節）に生じる変形性関節症である。近位指節間関節（PIP関節）に生じるものはブシャール結節と呼ばれる。",1
7151,B16-071,"はり師・きゆう師",16,"臨床医学各論","運動器疾患","先天性股関節脱臼について誤っている記述はどれか。",,"[""下肢の短縮がみられる。"", ""大腿内側皮膚溝は非対称となる。"", ""屈曲外転時にクリック音が触知される。"", ""幼児期に腰椎後弯を認める。""]","解答　４．","先天性股関節脱臼（発育性股関節形成不全）では、下肢短縮、皮膚溝の非対称、クリックサインがみられる。歩行開始後は、代償的に腰椎前弯（後弯ではない）が強くなる。",1
7152,B16-072,"はり師・きゆう師",16,"臨床医学各論","運動器疾患","発育期に多いスポーツ障害で適切でないのはどれか。",,"[""離断性骨軟骨炎"", ""腰椎分離症"", ""疲労骨折"", ""内反足""]","解答　４．","離断性骨軟骨炎、腰椎分離症、疲労骨折は発育期の過度な運動負荷により生じるスポーツ障害である。内反足は先天的な足部変形であり、スポーツ障害ではない。",1
7157,B16-077,"はり師・きゆう師",16,"臨床医学各論","運動器疾患","この患者で現在みられないのはどれか。","次の文で示す症例について、B16-077、B16-078の問に答えよ。
「20歳の男性。10日前、バイク事故により頚椎を損傷し脊髄損傷となった。上肢下肢に麻痺がある。」","[""呼吸障害"", ""血圧の変動"", ""消化性潰瘍"", ""異所性骨化""]","解答　４．","異所性骨化は脊髄損傷後、数週間から数ヶ月経過した慢性期に発生しやすい合併症であり、受傷10日目の段階では通常みられない。急性期には呼吸筋麻痺による呼吸障害、自律神経過反射による血圧変動、ストレスによる消化性潰瘍などが起こりうる。",1
7158,B16-078,"はり師・きゆう師",16,"臨床医学各論","運動器疾患","この患者の病態管理で適切でないのはどれか。","次の文で示す症例について、B16-077、B16-078の問に答えよ。
「20歳の男性。10日前、バイク事故により頚椎を損傷し脊髄損傷となった。上肢下肢に麻痺がある。」","[""頚部保護"", ""体温管理"", ""体位変換"", ""持続導尿""]","解答　４．","脊髄損傷の急性期を過ぎた管理において、持続導尿は尿路感染症のリスクが高まるため、可能な限り間欠的自己導尿へ移行することが推奨される。頸部保護、褥瘡予防の体位変換、自律神経障害による体温管理は必須である。",1
7305,B17-065,"はり師・きゆう師",17,"臨床医学各論","運動器疾患","高齢者が起こしやすい骨折はどれか。",,"[""鎖骨骨折"", ""上腕骨近位部骨折"", ""上腕骨顆上骨折"", ""上腕骨外顆骨折""]","解答　２．","高齢者の四大骨折は、上腕骨近位部骨折、橈骨遠位端骨折、脊椎圧迫骨折、大腿骨近位部骨折である。これらは骨粗鬆症を背景に、転倒などの軽い外力で発生しやすい。上腕骨顆上骨折は小児に多い。",1
7306,B17-066,"はり師・きゆう師",17,"臨床医学各論","運動器疾患","脊椎分離症で誤っているのはどれか。",,"[""上下関節突起間に起こる。"", ""腰椎下部に好発する。"", ""初期より神経根症状を示す。"", ""スポーツ選手に多い。""]","解答　３．","脊椎分離症は椎弓の上下関節突起間における骨の連続性が絶たれた状態であり、成長期のスポーツ選手に多い。初期は腰痛が主で、神経根症状（下肢痛やしびれ）は分離すべり症に進行しない限り稀である。",1
7312,B17-072,"はり師・きゆう師",17,"臨床医学各論","運動器疾患","関節リウマチの関節外症状として適切でないのはどれか。",,"[""間質性肺炎"", ""皮下結節"", ""血管炎"", ""陰部潰瘍""]","解答　４．","関節リウマチの関節外症状には、皮下結節（リウマチ結節）、間質性肺炎、血管炎（悪性関節リウマチ）、乾燥症状（シェーグレン症候群合併）などがある。陰部潰瘍はベーチェット病の主要症状である。",1
7464,B18-064,"はり師・きゆう師",18,"臨床医学各論","運動器疾患","特発性側弯に関して正しい記述はどれか。",,"[""３歳頃までに気付かれることが多い。"", ""前屈させると背部は水平となる。"", ""コブ法は弯曲の程度の計測法である。"", ""肺機能は低下しないのが特徴である。""]","解答　３．","特発性側弯症は思春期の女子に多く、コブ（Cobb）法を用いてX線像から弯曲角度を測定する。前屈検査（アダムス・テスト）では肋骨隆起がみられ、重症例では肺機能が低下する。",1
7465,B18-065,"はり師・きゆう師",18,"臨床医学各論","運動器疾患","高齢者に多い骨折として適切でないのはどれか。",,"[""鎖骨骨折"", ""上腕骨近位部骨折"", ""脊椎圧迫骨折"", ""大腿骨頚部骨折""]","解答　１．","高齢者の四大骨折は、上腕骨近位部骨折、橈骨遠位端骨折、脊椎圧迫骨折、大腿骨近位部（頚部・転子部）骨折である。鎖骨骨折は全年齢層にみられるが、特に若年者に多い。",1
7466,B18-066,"はり師・きゆう師",18,"臨床医学各論","運動器疾患","小児期の上腕骨外顆骨折後、成人になって起こる神経障害はどれか。",,"[""腋窩神経麻痺"", ""橈骨神経麻痺"", ""正中神経麻痺"", ""尺骨神経麻痺""]","解答　４．","上腕骨外顆骨折は偽関節になりやすく、成長に伴い肘外反変形をきたす。これにより尺骨神経が引き伸ばされ、遅発性尺骨神経麻痺を生じることがある。",1
7483,B18-083,"はり師・きゆう師",18,"臨床医学各論","運動器疾患","硬膜外ブロックがよい適応である神経痛はどれか。",,"[""三叉神経痛"", ""舌咽神経痛"", ""後頭神経痛"", ""坐骨神経痛""]","解答　４．","硬膜外ブロックは、脊髄を包む硬膜の外側に局所麻酔薬を注入する手技であり、腰椎椎間板ヘルニアなどに起因する坐骨神経痛に有効である。三叉神経痛や舌咽神経痛は脳神経の障害であり、通常は薬物療法や神経ブロック（三叉神経節など）が検討される。",1
7623,B19-063,"はり師・きゆう師",19,"臨床医学各論","運動器疾患","頚部後縦靱帯骨化症について誤っている記述はどれか。",,"[""50歳以上に多い。"", ""原因はカルシウムの過剰摂取である。"", ""進行性の痙性四肢麻痺を起こす。"", ""転倒予防のための生活指導を行う。""]","解答　２．","後縦靱帯骨化症（OPLL）の原因は未解明であるが、遺伝的素因、糖尿病、肥満などの関与が指摘されており、カルシウムの過剰摂取が直接の原因ではない。脊髄圧迫により痙性麻痺を呈するため、転倒による症状悪化を防ぐ指導が重要である。",1
7624,B19-064,"はり師・きゆう師",19,"臨床医学各論","運動器疾患","肩関節周囲炎について適切でない記述はどれか。",,"[""70歳代に好発する。"", ""早期に肩関節の可動域制限を認める。"", ""回旋運動を伴う動作で痛みが増強する。"", ""ペインフルアークサインがあれば腱板損傷を疑う。""]","解答　１．","肩関節周囲炎（いわゆる五十肩）は、40〜60歳代の中高年に好発する。肩関節の痛みと可動域制限（拘縮）が主症状であり、結帯・結髪動作などの回旋運動で痛みが強まる。70歳代以降では腱板断裂の頻度が高まる。",1
7637,B19-077,"はり師・きゆう師",19,"臨床医学各論","運動器疾患","まず、考えるべき病態はどれか。","次の文で示す症例について、B19-077、B19-078の問に答えよ。
「８歳の男児。サッカー中に前方へ転倒、肘をついて倒れた。直後から右肘の疼痛、運動障害があり、次第に腫脹も強くなってきた。明らかな皮膚の外傷はない。」","[""捻挫"", ""脱臼"", ""疲労骨折"", ""外傷性骨折""]","解答　４．","転倒という明らかな外力があり、直後からの疼痛、運動障害、強い腫脹を認めることから、まず外傷性骨折を疑い、エックス線検査等で確認する必要がある。",1
7638,B19-078,"はり師・きゆう師",19,"臨床医学各論","運動器疾患","発育期に転倒により起こりやすい骨折はどれか。","次の文で示す症例について、B19-077、B19-078の問に答えよ。
「８歳の男児。サッカー中に前方へ転倒、肘をついて倒れた。直後から右肘の疼痛、運動障害があり、次第に腫脹も強くなってきた。明らかな皮膚の外傷はない。」","[""上腕骨近位端骨折"", ""上腕骨顆上骨折"", ""肘頭骨折"", ""コーレス骨折""]","解答　２．","小児（発育期）が転倒して肘を突いた際に最も頻度の高い骨折は上腕骨顆上骨折である。フォルクマン拘縮などの重篤な合併症に注意が必要である。",1
7782,B20-062,"はり師・きゆう師",20,"臨床医学各論","運動器疾患","胸郭出口症候群で適切な記述はどれか。",,"[""高齢者に多い。"", ""前斜角筋による圧迫が原因となる。"", ""動脈は圧迫されない。"", ""上肢帯の筋力は症状と関連しない。""]","解答　２．","胸郭出口症候群は、斜角筋隙（前・中斜角筋間）などで腕神経叢や鎖骨下動脈が圧迫される疾患である。なで肩の女性や重いものを持つ労働者に多く、上肢のしびれや冷感、筋力低下をきたす。",1
7783,B20-063,"はり師・きゆう師",20,"臨床医学各論","運動器疾患","肩関節脱臼で正しいのはどれか。",,"[""病的脱臼が多い。"", ""後方脱臼が多い。"", ""腕神経叢麻痺を起こす。"", ""関節強直を起こす。""]","解答　３．","肩関節脱臼は外傷性脱臼の中で最も多く、そのほとんどが前方脱臼である。合併症として腋窩神経麻痺や腕神経叢麻痺、腱板断裂などを伴うことがある。",1
7784,B20-064,"はり師・きゆう師",20,"臨床医学各論","運動器疾患","脊椎分離すべり症について正しい記述はどれか。",,"[""青少年にはみられない疾患である。"", ""胸腰椎移行部に起こる頻度が高い。"", ""上関節突起と下関節突起間に病変がみられる。"", ""腰椎後弯が増強する。""]","解答　３．","脊椎分離症は椎弓の関節突起間部（上関節突起と下関節突起の間）の連続性が絶たれた状態である。第5腰椎に多く、スポーツを行う青少年に好発する。すべり症を伴うと腰椎前弯が増強することがある。",1
7791,B20-071,"はり師・きゆう師",20,"臨床医学各論","運動器疾患","疾患と検査結果との組合せで適切なのはどれか。",,"[""関節リウマチ … CRP値上昇"", ""悪性リンパ腫 … フィラデルフィア染色体陽性"", ""全身性硬化症 … HLA-B51陽性"", ""悪性貧血 … ビタミンＢ6欠乏""]","解答　１．","関節リウマチは慢性炎症性疾患であり、活動期にはCRP値が上昇する。フィラデルフィア染色体は慢性骨髄性白血病、HLA-B51はベーチェット病、悪性貧血はビタミンB12欠乏に関連する。",1
7797,B20-077,"はり師・きゆう師",20,"臨床医学各論","運動器疾患","最も考えられるのはどれか。","次の文で示す症例について、B20-077　、B20-078　の問に答えよ。
「65歳の男性。３週間前に転倒し、前頭部を強打した。その時以後両上肢のしびれ感と歩行困難が出現している。」","[""頚椎骨折"", ""頚髄中心性損傷"", ""頚髄腫瘍"", ""腕神経叢障害""]","解答　２．","高齢者が転倒などで頸部を過伸展させた際に、頸椎症を基礎として頸髄の中心部が損傷されるものを頸髄中心性損傷と呼ぶ。下肢に比べ上肢の運動・感覚障害が著明なのが特徴である。",1
7798,B20-078,"はり師・きゆう師",20,"臨床医学各論","運動器疾患","この患者の症状で誤っている記述はどれか。","次の文で示す症例について、B20-077　、B20-078　の問に答えよ。
「65歳の男性。３週間前に転倒し、前頭部を強打した。その時以後両上肢のしびれ感と歩行困難が出現している。」","[""横隔膜呼吸が消失する。"", ""両上肢の脱力がみられる。"", ""膝蓋腱反射が亢進する。"", ""排尿困難がある。""]","解答　１．","頸髄損傷では横隔膜を支配する横隔膜神経（C3-C5）が温存されていれば横隔膜呼吸は可能である。中心性損傷では上肢の症状が強く出るが、下位運動ニューロン障害と上位運動ニューロン障害が混在し、膝蓋腱反射亢進や排尿障害を伴うことがある。",1
7947,B21-067,"はり師・きゆう師",21,"臨床医学各論","運動器疾患","関節リウマチの関節内初期病変部位はどれか。",,"[""靱帯"", ""骨"", ""関節軟骨"", ""滑膜""]","解答　４．","関節リウマチは、自己免疫反応により関節滑膜に持続的な炎症が生じる疾患である。初期病変は滑膜の炎症と増殖であり、進行するとパンヌスを形成して軟骨や骨を破壊していく。",1
7948,B21-068,"はり師・きゆう師",21,"臨床医学各論","運動器疾患","疾患と牽引方法との組合せで正しいのはどれか。",,"[""大腿骨骨幹部骨折 … 直達牽引"", ""腰椎椎間板ヘルニア … スピードトラック牽引"", ""大腿骨頚部骨折 … 骨盤牽引"", ""筋性斜頚 … 頚椎牽引""]","解答　１．","大腿骨骨幹部骨折など強い牽引力が必要な場合は、骨にピンを通す直達牽引が行われる。腰椎ヘルニアには骨盤牽引、大腿骨頚部骨折にはスピードトラック牽引（皮ふ牽引）、筋性斜頚には通常牽引は行わない。",1
7949,B21-069,"はり師・きゆう師",21,"臨床医学各論","運動器疾患","Ｌ4-Ｌ5椎間板ヘルニアについて正しい記述はどれか。",,"[""下肢症状は両側性に出現することが多い。"", ""好発年齢は60歳代である。"", ""下肢伸展挙上テストは陽性である。"", ""膝蓋腱反射が減弱する。""]","解答　３．","腰椎椎間板ヘルニア（L4-L5）ではL5神経根が圧迫され、下肢伸展挙上（SLR）テストが陽性となる。膝蓋腱反射の減弱はL4神経根障害（L3-L4ヘルニア）でみられる。好発は20〜40歳代で、通常は片側性である。",1
7956,B21-076,"はり師・きゆう師",21,"臨床医学各論","運動器疾患","フローマン徴候がみられるのはどれか。",,"[""正中神経麻痺"", ""腋窩神経麻痺"", ""橈骨神経麻痺"", ""尺骨神経麻痺""]","解答　４．","フローマン徴候は尺骨神経麻痺でみられる。内転筋の麻痺により親指で紙を挟む際、長母指屈筋（正中神経支配）で代償するため、親指の第一関節（IP関節）が屈曲する現象を指す。",1
8108,B22-068,"はり師・きゆう師",22,"臨床医学各論","運動器疾患","関節疾患について正しいのはどれか。",,"[""関節拘縮の原因は関節包内の骨・軟骨にある。"", ""変形性関節症は退行変性である。"", ""関節リウマチの原因は細菌である。"", ""関節強直の原因は関節包外の軟部組織にある。""]","解答　２．","変形性関節症は加齢や過負荷による軟骨の退行変性を基盤とする。関節拘縮は関節包外の軟部組織の変化、関節強直は関節包内の骨・軟骨の癒着が原因である。関節リウマチは自己免疫疾患である。",1
8109,B22-069,"はり師・きゆう師",22,"臨床医学各論","運動器疾患","疾患と徒手検査との組合せで正しいのはどれか。",,"[""上腕骨外側上顆炎 … チェアテスト"", ""胸郭出口症候群 … スピードテスト"", ""手根管症候群 … ライトテスト"", ""腱板炎 … ファレンテスト""]","解答　１．","上腕骨外側上顆炎（テニス肘）の検査にはチェアテスト、トムゼンテストなどがある。スピードテストは上腕二頭筋長頭腱炎、ライトテストは胸郭出口症候群、ファレンテストは手根管症候群の検査である。",1
8114,B22-074,"はり師・きゆう師",22,"臨床医学各論","運動器疾患","骨疾患と好発時期との組合せで正しいのはどれか。",,"[""くる病 … 小児期"", ""骨肉腫 … 老年期"", ""転移性骨腫瘍 … 青年期"", ""骨粗鬆症 … 思春期""]","解答　１．","くる病はビタミンD欠乏等により小児期に骨の石灰化障害が起こる疾患（成人は骨軟化症）。骨肉腫は10代の成長期、転移性骨腫瘍は癌の好発する中高年以降、骨粗鬆症は閉経後女性や高齢者に多い。",1
8115,B22-075,"はり師・きゆう師",22,"臨床医学各論","運動器疾患","症候群と神経との組合せで正しいのはどれか。",,"[""肘部管症候群 … 橈骨神経"", ""手根管症候群 … 正中神経"", ""梨状筋症候群 … 大腿神経"", ""足根管症候群 … 総腓骨神経""]","解答　２．","手根管症候群は正中神経の圧迫、肘部管症候群は尺骨神経の圧迫、梨状筋症候群は坐骨神経の圧迫、足根管症候群は後脛骨神経の圧迫によって生じる絞扼性神経障害である。",1
8116,B22-076,"はり師・きゆう師",22,"臨床医学各論","運動器疾患","外反母趾について正しいのはどれか。",,"[""凹足に発症することが多い。"", ""足の内在筋の弱化は認めない。"", ""第1中足趾節関節は上方に突出する。"", ""バニオンは滑液包の腫脹である。""]","解答　４．","外反母趾は、第1中足趾節（MTP）関節が内側に突出し、母趾が外側に曲がる変形である。突出部に形成される仮性滑液包の炎症・腫脹をバニオンと呼ぶ。扁平足に伴うことが多く、足の内在筋の弱化も関与する。",1
8119,B22-079,"はり師・きゆう師",22,"臨床医学各論","運動器疾患","本疾患について適切でないのはどれか。","次の文で示す症例について、B22-079、B22-080の問に答えよ。
「58歳の女性。数年前から左手の第４指の近位指節間関節の腫脹に気がついた。特に疼痛はなかったが、今年になって右手の第４指近位指節間関節の腫脹もみられるようになった。」","[""女性に多い。"", ""家族歴がある。"", ""皮下結節がみられる。"", ""骨棘形成がみられる。""]","解答　３．４．","近位指節間（PIP）関節の腫脹と疼痛の欠如（あるいは軽度）から、ブシャール結節（手指の変形性関節症）が疑われる。変形性関節症では骨棘形成が見られるが、リウマチ結節のような皮下結節は見られない（皮下結節は関節リウマチの特徴）。",2
8120,B22-080,"はり師・きゆう師",22,"臨床医学各論","運動器疾患","本患者の治療で有効なのはどれか。","次の文で示す症例について、B22-079、B22-080の問に答えよ。
「58歳の女性。数年前から左手の第４指の近位指節間関節の腫脹に気がついた。特に疼痛はなかったが、今年になって右手の第４指近位指節間関節の腫脹もみられるようになった。」","[""非ステロイド系抗炎症薬"", ""カルシトニン"", ""ビタミンＤ製剤"", ""ビタミンＢ6""]","解答　１．","症例は指のPIP関節に腫脹を認めるブシャール結節（変形性指関節症）と考えられる。炎症や痛みを伴う場合には、非ステロイド系抗炎症薬（NSAIDs）による対症療法が一般的である。",1
8261,B23-061,"はり師・きゆう師",23,"臨床医学各論","運動器疾患","骨疾患と病態の組合せで正しいのはどれか。",,"[""くる病 … ビタミンＣ欠乏"", ""骨軟化症 … 類骨の増加"", ""骨粗鬆症 … 骨量の増加"", ""多発性骨髄腫 … 骨硬化""]","解答　２．","骨軟化症（小児ではくる病）はビタミンD欠乏などにより骨の石灰化が障害され、未石灰化の類骨が増加する疾患である。骨粗鬆症は骨量が減少する病態であり、多発性骨髄腫では溶骨性変化が特徴である。",1
8262,B23-062,"はり師・きゆう師",23,"臨床医学各論","運動器疾患","筋・腱疾患と運動機能検査の組合せで正しいのはどれか。",,"[""胸郭出口症候群 … ドロップアームサイン"", ""腱板損傷 … ヤーガソンテスト"", ""進行性筋ジストロフィー … ガワーズサイン"", ""上腕骨外側上顆炎 … ファレンテスト""]","解答　３．","進行性筋ジストロフィーでは、筋力低下のため床から立ち上がる際に自分の体を手で支えながら登るように立つガワーズサイン（登攀性起立）が見られる。ドロップアームは腱板損傷、ヤーガソンは上腕二頭筋長頭腱炎の検査である。",1
8263,B23-063,"はり師・きゆう師",23,"臨床医学各論","運動器疾患","脊椎・脊髄疾患と身体所見の組合せで正しいのはどれか。",,"[""脊髄ショック … 痙性麻痺"", ""頚椎捻挫 … バレー・リュー症状"", ""Ｌ3-Ｌ4椎間板ヘルニア … アキレス腱反射の低下"", ""腰部脊柱管狭窄症 … 鶏歩""]","解答　２．","頚椎捻挫（むち打ち損傷）では、自律神経症状を伴うバレー・リュー（Barré-Liéou）症状を呈することがある。脊髄ショック時は弛緩性麻痺となり、L3-L4ヘルニアでは膝蓋腱反射が低下する（アキレス腱反射はS1）。",1
8264,B23-064,"はり師・きゆう師",23,"臨床医学各論","運動器疾患","過度の動作と傷害の組合せで正しいのはどれか。",,"[""腰部前屈 … 腰部脊椎分離症"", ""ジャンプ着地 … 膝蓋靱帯炎"", ""ボールキック … 膝前十字靱帯損傷"", ""バットの素振り … 手の舟状骨骨折""]","解答　２．","膝蓋靱帯炎（ジャンパー膝）は、ジャンプや着地の繰り返しによるオーバーユースで起こる。腰部脊椎分離症は腰部の「回旋」や「後屈」の繰り返し、前十字靱帯損傷は「方向転換」や「着地」時の捻転で起こりやすい。",1
8265,B23-065,"はり師・きゆう師",23,"臨床医学各論","運動器疾患","頚椎症について正しいのはどれか。",,"[""脊髄症型では一側の肩甲背部の疼痛が起こる。"", ""神経根型では深部反射亢進が起こる。"", ""関連痛型では手術療法が第１選択である。"", ""保存療法では頚椎牽引が有効である。""]","解答　４．","頚椎症の保存療法には、頚椎牽引、頚椎カラー固定、薬物療法などがある。神経根型では一側の痛みや反射低下が見られ、脊髄症型では両側のしびれや深部反射亢進（病的反射）が見られるのが特徴である。",1
8266,B23-066,"はり師・きゆう師",23,"臨床医学各論","運動器疾患","骨肉腫の初発症状でよくみられるのはどれか。",,"[""発熱"", ""運動時痛"", ""腫脹"", ""間欠跛行""]","解答　２．","骨肉腫は若年者の長管骨（膝周囲など）に好発する悪性骨腫瘍である。初発症状は運動時の痛みであり、次第に安静時痛や局所の腫脹、熱感を伴うようになる。",1
8421,B24-061,"はり師・きゆう師",24,"臨床医学各論","運動器疾患","変形性関節症のエックス線所見でないのはどれか。",,"[""関節裂隙の狭小化"", ""骨棘の形成"", ""骨嚢胞の形成"", ""骨萎縮""]","解答　４．","変形性関節症（OA）のX線四大所見は、関節裂隙の狭小化、骨硬化、骨棘形成、骨嚢胞である。骨萎縮は関節リウマチなどで見られる所見であり、OAではむしろ骨硬化（骨密度上昇）が起こる。",1
8422,B24-062,"はり師・きゆう師",24,"臨床医学各論","運動器疾患","骨粗鬆症の原因でないのはどれか。",,"[""クッシング症候群"", ""コルチコステロイドの投与"", ""ビタミンＡ欠乏"", ""閉経""]","解答　３．","骨粗鬆症は閉経によるエストロゲン減少や、クッシング症候群、ステロイド薬の使用などの二次性要因で起こる。ビタミンDやカルシウムの欠乏は原因となるが、ビタミンA欠乏は直接の原因ではない。",1
8423,B24-063,"はり師・きゆう師",24,"臨床医学各論","運動器疾患","徒手検査と疾患の組合せで正しいのはどれか。",,"[""トムゼンテスト … 頚肩腕症候群"", ""ライトテスト … 肘部管症候群"", ""ファレンテスト … 手根管症候群"", ""ヤーガソンテスト … 腱板損傷""]","解答　３．","ファレンテストは手関節を屈曲させて正中神経を圧迫し、手根管症候群を誘発する検査である。トムゼンテストは上腕骨外側上顆炎、ライトテストは胸郭出口症候群、ヤーガソンテストは上腕二頭筋長頭腱炎の検査である。",1
8424,B24-064,"はり師・きゆう師",24,"臨床医学各論","運動器疾患","装具と疾患の組合せで正しいのはどれか。",,"[""ミルウォーキーブレース … 側弯症"", ""ボストンブレース … 斜頚"", ""デニスブラウン副子 … 発育性股関節形成不全(先天性股関節脱臼)"", ""リーメンビューゲル装具 … 先天性内反足""]","解答　１．","ミルウォーキーブレースは側弯症に用いられる代表的な装具である。発育性股関節形成不全にはリーメンビューゲル装具、先天性内反足にはデニスブラウン副子が用いられる。ボストンブレースも側弯症用の装具である。",1
8425,B24-065,"はり師・きゆう師",24,"臨床医学各論","運動器疾患","外傷性肩関節脱臼について正しいのはどれか。",,"[""若年者の初回脱臼は反復性に移行しやすい。"", ""高齢者では上腕骨大結節骨折の合併はまれである。"", ""後方脱臼が最も多い。"", ""整復後は可及的早期に可動域訓練を開始する。""]","解答　１．","肩関節脱臼は前方脱臼が最も多い。若年者ほど再脱臼しやすく反復性脱臼に移行しやすい。高齢者では大結節骨折や腱板断裂の合併が多い。整復後は一定期間の固定が必要であり、早期の過度な可動域訓練は再脱臼のリスクとなる。",1
8426,B24-066,"はり師・きゆう師",24,"臨床医学各論","運動器疾患","硬膜外麻酔について正しいのはどれか。",,"[""局所麻酔薬をくも膜下腔に注入する。"", ""出血性素因のある患者でも安全に行える。"", ""頚部に用いることができる。"", ""効果発現は脊椎麻酔よりも早い。""]","解答　３．","硬膜外麻酔は硬膜外腔に局所麻酔薬を注入する手法で、頚部から腰部まで任意の高さで行える。くも膜下腔に注入するのは脊椎麻酔（腰椎麻酔）である。脊椎麻酔に比べ効果発現は遅いが、カテーテル留置により持続的な管理が可能である。",1
8435,B24-075,"はり師・きゆう師",24,"臨床医学各論","運動器疾患","本疾患で陽性となるのはどれか。","次の文で示す症例について、B24-075、B24-076の問に答えよ。
「48歳の女性。2年前、左手のこわばりがみられ、その後、近位指節間関節から始まる左指の関節痛と腫れが生じ、さらに右指の関節も痛みだした。現在では、両側の手・膝関節にも関節炎がみられる。光過敏や嚥下障害はない。」","[""リウマトイド因子"", ""ＬＥ細胞"", ""抗Jo-1抗体"", ""抗トポイソメラーゼⅠ抗体(抗Scl-70抗体)""]","解答　１．","朝のこわばり、多発性・対称性の関節炎から関節リウマチが疑われる。診断にはリウマトイド因子（RF）や抗CCP抗体の検査が有用である。LE細胞はSLE、抗Jo-1抗体は多発性筋炎、抗Scl-70抗体は全身性強皮症で陽性となる。",1
8436,B24-076,"はり師・きゆう師",24,"臨床医学各論","運動器疾患","本疾患でよくみられるのはどれか。","次の文で示す症例について、B24-075、B24-076の問に答えよ。
「48歳の女性。2年前、左手のこわばりがみられ、その後、近位指節間関節から始まる左指の関節痛と腫れが生じ、さらに右指の関節も痛みだした。現在では、両側の手・膝関節にも関節炎がみられる。光過敏や嚥下障害はない。」","[""ハンマー指"", ""ヘバーデン結節"", ""Ｚ型変形"", ""プシャール結節""]","解答　３．","症例は関節リウマチ（RA）である。RAの手指変形には、母指のZ型変形、ボタン穴変形、スワンネック変形、尺側偏位などがある。ヘバーデン結節（DIP関節）やプシャール結節（PIP関節）は変形性関節症の特徴である。",1
8437,B24-077,"はり師・きゆう師",24,"臨床医学各論","運動器疾患","最も考えられる疾患はどれか。","次の文で示す症例について、B24-077、B24-078の問に答えよ。
「28歳の女性。上肢の痛み、だるさ、しびれを訴える。上肢下垂時に症状が増悪する。首が長く、姿勢が悪い。モーレイテスト、アドソンテスト陽性。」","[""変形性頚椎症"", ""頚椎椎間板ヘルニア"", ""頚椎捻挫"", ""胸郭出口症候群""]","解答　４．","なで肩（首が長い）、若年女性、上肢の神経・血管症状、およびアドソンテスト（斜角筋隙のテスト）やモーレイテスト（鎖骨上窩の圧痛テスト）が陽性であることから、胸郭出口症候群が最も考えられる。",1
8438,B24-078,"はり師・きゆう師",24,"臨床医学各論","運動器疾患","本症例で治療対象となる筋はどれか。","次の文で示す症例について、B24-077、B24-078の問に答えよ。
「28歳の女性。上肢の痛み、だるさ、しびれを訴える。上肢下垂時に症状が増悪する。首が長く、姿勢が悪い。モーレイテスト、アドソンテスト陽性。」","[""小胸筋"", ""斜角筋"", ""胸鎖乳突筋"", ""肩甲挙筋""]","解答　２．","アドソンテスト陽性およびモーレイテスト陽性は、斜角筋隙での神経血管圧迫を示唆する。胸郭出口症候群の中でも斜角筋症候群が疑われるため、前斜角筋や中斜角筋が治療対象となる。",1
8576,B25-056,"はり師・きゆう師",25,"臨床医学各論","運動器疾患","ピロリン酸カルシウムが原因であるのはどれか。",,"[""偽痛風"", ""関節リウマチ"", ""肩関節周囲炎"", ""変形性股関節症""]","解答　１．","偽痛風（ピロリン酸カルシウム結晶沈着症）は、関節軟骨にピロリン酸カルシウム結晶が沈着し、急激な関節炎を起こす疾患である。痛風が尿酸ナトリウム結晶によるのに対し、本症はピロリン酸カルシウムが原因となる。",1
8577,B25-057,"はり師・きゆう師",25,"臨床医学各論","運動器疾患","脊柱管狭窄を生じるのはどれか。",,"[""黄色靱帯肥厚"", ""前縦靱帯骨化"", ""横突起肥大"", ""棘上靱帯骨化""]","解答　１．","腰部脊柱管狭窄症などは、椎間板の突出、椎間関節の肥大、および脊柱管の後壁を構成する黄色靱帯の肥厚によって脊柱管が狭まり、神経を圧迫することで発症する。前縦靱帯は脊柱管の外側に位置する。",1
8578,B25-058,"はり師・きゆう師",25,"臨床医学各論","運動器疾患","生後３か月の発育性股関節形成不全の患児でみられるのはどれか。",,"[""アリス徴候"", ""トレンデレンブルグ徴候"", ""ドレーマン徴候"", ""フローマン徴候""]","解答　１．","発育性股関節形成不全（先天性股関節脱臼）では、仰臥位で膝を立てた際に膝の高さが異なるアリス徴候（ガレアッツィ徴候）や、開排制限が見られる。トレンデレンブルグ徴候は歩行開始後の筋力低下等で陽性となる。",1
8579,B25-059,"はり師・きゆう師",25,"臨床医学各論","運動器疾患","骨粗鬆症患者に好発する骨折はどれか。",,"[""鎖骨骨幹部骨折"", ""橈骨近位部骨折"", ""大腿骨近位部骨折"", ""脛骨遠位部骨折""]","解答　３．","骨粗鬆症による四大骨折は、大腿骨近位部骨折、脊椎圧迫骨折、橈骨遠位端骨折、上腕骨近位部骨折である。特に大腿骨近位部骨折は高齢者のADL低下の大きな原因となる。",1
8595,B25-075,"はり師・きゆう師",25,"臨床医学各論","運動器疾患","罹患関節の種類はどれか。","次の文で示す症例について、B25-075、B25-076の問いに答えよ。
「７歳の女児。主訴は歩行異常。トレンデレンブルグ徴候がみられた。」","[""鞍関節"", ""ラセン関節"", ""臼状関節"", ""楕円関節""]","解答　３．","トレンデレンブルグ徴候がみられるのは股関節である。股関節は球関節の一種で、関節窩が深く骨頭を包み込むような形状をしているため「臼状関節」に分類される。",1
8596,B25-076,"はり師・きゆう師",25,"臨床医学各論","運動器疾患","本症例で筋力低下をきたした筋の主な運動はどれか。","次の文で示す症例について、B25-075、B25-076の問いに答えよ。
「７歳の女児。主訴は歩行異常。トレンデレンブルグ徴候がみられた。」","[""罹患関節の伸展"", ""罹患関節を屈曲しながらの外転"", ""罹患関節の内旋"", ""罹患関節の外転""]","解答　４．","トレンデレンブルグ徴候は、股関節の外転主動作筋である中殿筋の筋力低下により、片脚立位時に遊脚側の骨盤が沈下する現象である。先天性股関節脱臼などで見られる。",1
8737,B26-057,"はり師・きゆう師",26,"臨床医学各論","運動器疾患","下腿の区画と筋の組合せで正しいのはどれか。",,"[""前区画 … 長指屈筋"", ""外側区画 … 後脛骨筋"", ""深後区画 … 長腓骨筋"", ""浅後区画 … ヒラメ筋""]","解答　４．","下腿の浅後区画には腓腹筋とヒラメ筋（下腿三頭筋）が含まれる。前区画には前脛骨筋や長指伸筋、外側区画には腓骨筋、深後区画には後脛骨筋や長指屈筋が含まれる。",1
8738,B26-058,"はり師・きゆう師",26,"臨床医学各論","運動器疾患","頚椎症性神経根症でみられるのはどれか。",,"[""握力低下"", ""腱反射亢進"", ""尿閉"", ""病的反射""]","解答　１．","神経根症は末梢神経の障害であるため、支配領域の筋力低下（握力低下）や腱反射減弱がみられる。腱反射亢進、尿閉、病的反射は脊髄（中枢）が圧迫される頚椎症性脊髄症の症状である。",1
8739,B26-059,"はり師・きゆう師",26,"臨床医学各論","運動器疾患","骨密度が保たれていても骨折を起こしやすいのはどれか。",,"[""糖尿病"", ""高血圧症"", ""脂質異常症"", ""高尿酸血症""]","解答　１．","糖尿病では、高血糖によるコラーゲンの糖化（架橋異常）により骨質が劣化するため、骨密度が正常範囲内であっても骨強度が低下し、骨折のリスクが高まる。",1
8740,B26-060,"はり師・きゆう師",26,"臨床医学各論","運動器疾患","スポーツ中に肉ばなれを起こしやすいのはどれか。",,"[""大殿筋"", ""大腰筋"", ""前脛骨筋"", ""腓腹筋""]","解答　４．","肉ばなれは、ハムストリングスや腓腹筋、大腿四頭筋などの下肢の筋に好発する。急激なダッシュやジャンプ動作時に、筋が強く収縮しながら引き伸ばされることで発生する。",1
8752,B26-072,"はり師・きゆう師",26,"臨床医学各論","運動器疾患","関節リウマチについて正しいのはどれか。",,"[""男性に多い。"", ""関節のこわばりは夕方に多い。"", ""対称性の関節腫脹を認めることが多い。"", ""遠位指節間関節の腫脹を認めることが多い。""]","解答　３．","関節リウマチは女性に多く、朝のこわばり、対称性の多関節炎を特徴とする。好発部位は近位指節間（PIP）関節や中手指節（MP）関節であり、遠位指節間（DIP）関節は通常侵されない。",1
8759,B26-079,"はり師・きゆう師",26,"臨床医学各論","運動器疾患","本症例の徒手検査所見で陽性を示すのはどれか。","次の文で示す症例について、B26-079、B26-080の問いに答えよ。
「62歳の男性。右側の腰から下肢にかけての痛み、しびれがある。歩くと痛みは強くなり歩けなくなるが、休むと再び歩けるようになる。足関節・上腕血圧比は1.0であった。」","[""SLRテスト"", ""ケンプ徴候"", ""大腿神経伸展テスト"", ""Ｋ・ボンネットテスト""]","解答　２．","腰部脊柱管狭窄症では、腰椎を後屈・回旋させるケンプ徴候（Kemp sign）が陽性となりやすい。SLRや大腿神経伸展テストは主に椎間板ヘルニアの診断に用いられる。",1
8760,B26-080,"はり師・きゆう師",26,"臨床医学各論","運動器疾患","歩行中に右下肢痛が起こったときの対応として、体幹の姿位で最も適切なのはどれか。","次の文で示す症例について、B26-079、B26-080の問いに答えよ。
「62歳の男性。右側の腰から下肢にかけての痛み、しびれがある。歩くと痛みは強くなり歩けなくなるが、休むと再び歩けるようになる。足関節・上腕血圧比は1.0であった。」","[""前屈"", ""後屈"", ""右側屈"", ""左側屈""]","解答　１．","間欠性跛行がありABIが正常（1.0）であることから、腰部脊柱管狭窄症が疑われる。この疾患では体幹を前屈させることで脊柱管が広がり、神経への圧迫が軽減して症状が緩和する。",1
8897,B27-057,"はり師・きゆう師",27,"臨床医学各論","運動器疾患","骨粗鬆症における骨折危険因子でないのはどれか。",,"[""運動"", ""喫煙"", ""糖尿病"", ""副腎皮質ステロイド薬""]","解答　１．","適度な運動は骨に荷重刺激を与え、骨形成を促進するため骨折の予防因子となる。喫煙、糖尿病、副腎皮質ステロイド薬の使用、加齢、閉経などは骨強度を低下させる危険因子である。",1
8898,B27-058,"はり師・きゆう師",27,"臨床医学各論","運動器疾患","脊髄損傷の機能障害評価法で正しいのはどれか。",,"[""ブルンストロームステージ"", ""バーセルインデックス"", ""フランケル分類"", ""ハミルトン評価尺度""]","解答　３．","脊髄損傷の評価にはフランケル（Frankel）分類やASIA機能障害尺度が用いられる。ブルンストロームステージは片麻痺、バーセルインデックスはADL、ハミルトン評価尺度はうつ病の評価に用いられる。",1
8899,B27-059,"はり師・きゆう師",27,"臨床医学各論","運動器疾患","脊椎疾患と所見の組合せで正しいのはどれか。",,"[""頸椎椎間板ヘルニア … 間欠跛行"", ""頸椎後縦靭帯骨化症 … 膝蓋腱反射の減弱"", ""腰椎椎間板ヘルニア … アキレス腱反射の亢進"", ""腰部脊柱管狭窄症 … 会陰部のしびれ""]","解答　４．","腰部脊柱管狭窄症では、馬尾神経が圧迫されることで会陰部のしびれや間欠跛行が生じる。頸椎疾患では上位運動ニューロン障害により腱反射は亢進し、腰椎ヘルニア等の末梢神経障害では腱反射は減弱・消失する。",1
9058,B28-058,"はり師・きゆう師",28,"臨床医学各論","運動器疾患","大腿骨頭すべり症で陽性になるのはどれか。",,"[""アイヒホッフテスト"", ""ピボットシフトテスト"", ""ドレーマン徴候"", ""ピアノキー徴候""]","解答　３．","ドレーマン徴候は、股関節を屈曲させると外転・外旋する現象で、大腿骨頭すべり症に特徴的である。アイヒホッフはド・ケルバン病、ピボットシフトは前十字靭帯損傷、ピアノキーは肩鎖関節脱臼でみられる。",1
9059,B28-059,"はり師・きゆう師",28,"臨床医学各論","運動器疾患","頸椎椎間板ヘルニアについて正しいのはどれか。",,"[""神経根症では上肢に腱反射の亢進を認める。"", ""神経根症では腹壁反射の消失を認める。"", ""脊髄症では下肢に腱反射の減弱を認める。"", ""脊髄症では下肢に病的反射を認める。""]","解答　４．","脊髄症（中枢神経麻痺）では、圧迫部位より遠位の下肢において腱反射の亢進やバビンスキー反射などの病的反射が認められる。神経根症（末梢神経麻痺）では、支配領域の腱反射は減弱・消失する。",1
9064,B28-064,"はり師・きゆう師",28,"臨床医学各論","運動器疾患","次の文で示す症例の病態で正しいのはどれか。
「85歳の女性。左大腿骨頸部骨折の手術を受けた翌日の夜に、ちぐはぐな言動が出現した。」",,"[""せん妄"", ""認知症"", ""うつ病"", ""不安神経症""]","解答　１．","高齢者が手術などの身体的侵襲や環境変化をきっかけに、夜間に急激な意識混濁や幻覚、ちぐはぐな言動を呈するのは「せん妄」の典型像である。認知症は緩徐に進行する。",1
9074,B28-074,"はり師・きゆう師",28,"臨床医学各論","運動器疾患","徒手筋力テストで正しいのはどれか。",,"[""MMT1では筋収縮が全く認められない。"", ""MMT2では筋収縮はみられるが関節運動は起こらない。"", ""MMT3では抵抗を加えなければ重力に抗して正常可動域いっぱいに動く。"", ""MMT4は筋力正常である。""]","解答　３．","MMT3は「重力に抗して可動域全体を動かせる」レベルである。MMT1は「筋収縮のみ」、MMT2は「重力を除けば動かせる」、MMT4は「中等度の抵抗に抗して動かせる」、MMT5が正常である。",1
9077,B28-077,"はり師・きゆう師",28,"臨床医学各論","運動器疾患","最も可能性の高い疾患はどれか。","次の文で示す症例について、B28-077、B28-078の問いに答えよ。
「83歳の女性。昨夜から左膝痛と38℃の発熱が出現した。左膝関節に熱感、腫脹および膝蓋跳動を認める。関節液の偏光顕微鏡観察で異常を認めた。」","[""化膿性関節炎"", ""関節リウマチ"", ""偽痛風"", ""変形性膝関節症""]","解答　３．","高齢者の急性単関節炎で、発熱と関節の炎症所見（熱感・腫脹）を認め、関節液の偏光顕微鏡観察で結晶（ピロリン酸カルシウム）を認めることから、偽痛風が最も考えられる。",1
9078,B28-078,"はり師・きゆう師",28,"臨床医学各論","運動器疾患","本症例に特徴的な単純エックス線所見はどれか。","次の文で示す症例について、B28-077、B28-078の問いに答えよ。
「83歳の女性。昨夜から左膝痛と38℃の発熱が出現した。左膝関節に熱感、腫脹および膝蓋跳動を認める。関節液の偏光顕微鏡観察で異常を認めた。」","[""骨棘形成"", ""関節裂隙狭小化"", ""骨びらん"", ""半月板石灰化""]","解答　４．","偽痛風（ピロリン酸カルシウム結晶沈着症）では、エックス線上で関節軟骨や半月板に線状の石灰化陰影を認めるのが特徴である。骨棘形成や裂隙狭小化は変形性関節症の所見である。",1
9209,B29-049,"はり師・きゆう師",29,"臨床医学各論","運動器疾患","生後3か月の女児が乳児健康診査で股関節開排制限を指摘された。診察で誤っているのはどれか。",,"[""大腿部の皮膚のしわを観察する。"", ""開排位での大転子と坐骨結節間の距離を診る。"", ""ラックマン徴候を診る。"", ""超音波断層像を診る。""]","解答　３．","乳児の股関節開排制限は発育性股関節形成不全を疑う所見である。ラックマン徴候は膝関節の前十字靱帯損傷を診断する手技であり、股関節の診察には用いない。",1
9210,B29-050,"はり師・きゆう師",29,"臨床医学各論","運動器疾患","特発性側弯症について正しいのはどれか。",,"[""男性に多い。"", ""前屈姿勢で左右の鎖骨の張り出しの差を診る。"", ""コブ角は脊椎側面エックス線写真で測定する。"", ""早期発見には学校健康診断が重要である。""]","解答　４．","特発性側弯症は思春期の女子に多く、早期発見のために学校健診でのスクリーニング（前屈検査など）が行われる。コブ角は正面エックス線像で測定する。",1
9211,B29-051,"はり師・きゆう師",29,"臨床医学各論","運動器疾患","受傷直後の足関節捻挫に対するRICE処置について最も適切なのはどれか。",,"[""ギプス包帯を行う。"", ""湿布を患部に貼付する。"", ""損傷靱帯部を圧迫する。"", ""患肢は頭より高く上げる。""]","解答　３．","RICE処置はRest（安静）、Icing（冷却）、Compression（圧迫）、Elevation（挙上）の頭文字をとったもの。損傷部位を圧迫することで腫脹や内出血を抑制する。",1
9389,B30-049,"はり師・きゆう師",30,"臨床医学各論","運動器疾患","変形性関節症の単純エックス線所見で正しいのはどれか。",,"[""骨壊死像"", ""骨棘の形成"", ""関節裂隙の拡大"", ""軟骨下骨の萎縮像""]","解答　2．","変形性関節症（OA）のX線四大所見は、関節裂隙の狭小化、骨棘の形成、軟骨下骨の硬化、骨嚢胞の形成である。軟骨が摩耗することで関節の隙間が狭まり、反応性に骨が突出する。",1
9390,B30-050,"はり師・きゆう師",30,"臨床医学各論","運動器疾患","くる病の治療で適切でないのはどれか。",,"[""ビタミンDの投与"", ""運動"", ""日光浴"", ""副腎皮質ホルモンの投与""]","解答　４．","くる病はビタミンD欠乏などにより骨の石灰化が障害される疾患である。治療にはビタミンDの投与、日光浴（皮膚でのビタミンD合成促進）が有効である。副腎皮質ホルモンは副作用として骨粗鬆症を誘発するため、くる病の治療には適さない。",1
9391,B30-051,"はり師・きゆう師",30,"臨床医学各論","運動器疾患","骨化性筋炎の原因はどれか。",,"[""脊髄損傷"", ""エストロゲン製剤の服用"", ""意識障害を伴う脳障害"", ""筋挫傷後の無理な可動域訓練""]","解答　４．","骨化性筋炎（外傷性異所性骨化）は、打撲や筋挫傷などの軟部組織損傷後、早期に無理なマッサージや強制的な他動運動（可動域訓練）を行うことで、筋肉内に骨形成が起こる病態である。",1
9392,B30-052,"はり師・きゆう師",30,"臨床医学各論","運動器疾患","外傷とその原因の組合せで正しいのはどれか。",,"[""手舟状骨骨折 … 手関節掌屈"", ""股関節脱臼 … 車内のダッシュボードへの膝の衝突"", ""上腕骨顆上骨折 … 上肢の急激な牽引"", ""第5中足骨基部裂離骨折 … 足部外がえし""]","解答　2．","股関節後方脱臼は、膝を曲げた状態で前方から強い衝撃を受ける（ダッシュボード損傷）ことで起こる。手舟状骨骨折は手関節背屈位での転倒、上腕骨顆上骨折は肘伸展位での転倒、第5中足骨基部骨折は足部内がえしが原因となる。",1
9572,B31-052,"はり師・きゆう師",31,"臨床医学各論","運動器疾患","肘内障について正しいのはどれか。",,"[""肘に腫脹はない。"", ""腕尺関節の脱臼である。"", ""徒手整復は困難である。"", ""反復性に移行しやすい。""]","解答　1.","肘内障は橈骨頭が輪状靱帯から逸脱する亜脱臼であり、通常、肘の腫脹や発赤などの炎症所見はみられない（腫脹があれば骨折を疑う）。整復は徒手的に容易に行える。",1
9585,B31-065,"はり師・きゆう師",31,"臨床医学各論","運動器疾患","骨粗鬆症患者で最も骨折が起こりにくい部位はどれか。",,"[""橈骨遠位部"", ""腰椎椎体"", ""大腿骨近位部"", ""踵骨体部""]","解答　4.","骨粗鬆症による骨折（脆弱性骨折）の好発部位は、椎体（圧迫骨折）、大腿骨近位部、橈骨遠位端、上腕骨近位部である。踵骨骨折は高所からの転落などで生じることが多い。",1
9586,B31-066,"はり師・きゆう師",31,"臨床医学各論","運動器疾患","中殿筋機能が低下して起こるのはどれか。",,"[""アリス徴候"", ""クリック徴候"", ""ドレーマン徴候"", ""トレンデレンブルグ徴候""]","解答　4.","中殿筋の筋力低下があると、患側で片脚立ちをした際に骨盤を水平に保てず、健側（遊脚側）の骨盤が下がる。これをトレンデレンブルグ徴候という。",1
10263,B32-063,"はり師・きゆう師",32,"臨床医学各論","運動器疾患","L5神経根障害の所見として誤っているのはどれか。",,"[""足背の知覚障害"", ""アキレス腱反射消失"", ""足関節背屈筋力低下"", ""SLRテスト陽性""]","解答　２．","アキレス腱反射の消失・減弱はS1神経根障害の所見である。L5神経根障害では足背の知覚障害、足関節背屈（前脛骨筋）や母趾背屈（長母趾伸筋）の筋力低下、SLRテスト陽性などがみられる。",1
10264,B32-064,"はり師・きゆう師",32,"臨床医学各論","運動器疾患","原発性悪性骨腫瘍で最も頻度が高いのはどれか。",,"[""骨肉腫"", ""軟骨肉腫"", ""ユーイング肉腫"", ""脊索腫""]","解答　１．","骨肉腫は原発性悪性骨腫瘍の中で最も発生頻度が高く、10〜20歳代の若年者に好発する。膝関節周辺（大腿骨遠位・脛骨近位）に発生しやすい。",1
9762,B33-062,"はり師・きゆう師",33,"臨床医学各論","運動器疾患","小児で体前屈時に肋骨隆起を認めた場合、疑う疾患はどれか。",,"[""側弯症"", ""肺腫瘍"", ""鳩胸"", ""肋骨骨折""]","解答　１．","側弯症の検査として前屈テストがある。脊柱が回旋変形していると、前屈時に背部の高さに左右差が生じ、肋骨隆起（ハンプ）が認められる。",1
9763,B33-063,"はり師・きゆう師",33,"臨床医学各論","運動器疾患","発育性股関節形成不全について誤っているのはどれか。",,"[""男児に多い。"", ""分娩時の胎位異常で発生率が高い。"", ""家族内発生がみられる。"", ""治療は装具療法が主体となる。""]","解答　１．","発育性股関節形成不全（先天性股関節脱臼）は、女児に多く（男児の約5〜10倍）、骨盤位分娩（逆子）、家族歴などがリスク因子である。治療にはリーメンビューゲル装具などが用いられる。",1
9764,B33-064,"はり師・きゆう師",33,"臨床医学各論","運動器疾患","変形性関節症の単純エックス線所見で誤っているのはどれか。",,"[""荷重部軟骨下骨の硬化"", ""関節裂裂隙の拡大"", ""骨棘形成"", ""骨囊胞形成""]","解答　２．","変形性関節症（OA）のX線所見は、関節軟骨の摩耗による「関節裂隙の狭小化」、軟骨下骨の「骨硬化」、「骨棘形成」、「骨囊胞」が特徴である。裂隙の拡大はみられない。",1
10601,B34-061,"はり師・きゆう師",34,"臨床医学各論","運動器疾患","手根管症候群の原因とならないのはどれか。",,"[""肥満"", ""妊娠"", ""貧血"", ""人工透析""]","解答　３．","手根管症候群は正中神経が手根管内で圧迫される疾患である。原因には肥満、妊娠（浮腫）、人工透析（アミロイド沈着）、糖尿病、甲状腺機能低下症などがあるが、貧血は直接の原因とはならない。",1
10603,B34-063,"はり師・きゆう師",34,"臨床医学各論","運動器疾患","スポーツ外傷・障害と罹患部位の組合せで正しいのはどれか。",,"[""オスグッド病 大腿骨外側顆"", ""ジャンパー膝 脛骨遠位端"", ""マレット指 中節骨近位端"", ""野球肘（外側型） 上腕骨小頭""]","解答　４．","野球肘の外側型は、投球動作による圧迫力で上腕骨小頭の離断性骨軟骨炎を生じる。オスグッド病は脛骨粗面、ジャンパー膝は膝蓋骨下端、マレット指は末節骨基部（DIP関節）の障害である。",1
10606,B34-066,"はり師・きゆう師",34,"臨床医学各論","運動器疾患","変形性股関節症の一般的な治療法として適切でないのはどれか。",,"[""ギプス固定"", ""人工股関節全置換術"", ""生活指導"", ""薬物治療""]","解答　１．","変形性股関節症の治療は、体重制限や杖の使用などの生活指導、消炎鎮痛薬による薬物療法、進行例では人工股関節全置換術（THA）が行われる。ギプス固定は関節拘縮を招き、軟骨の変性を進めるため適切ではない。",1
